pollster,pollster_rating_id,NCPP/AAPOR/Roper,#_polls,total_weight,correct,poll_WAR,house_bias,weighted_average_error,raw_average_error,weighted_reverted_error,percentile,avg_poll_WAR,house_bias_effect,adj_error,raw_p_m,plus_minus,grade,grade_value,fte_grade,fte_plus_minus
20/20 Insight,1,no,8,3.6657,0.625,-1.7867,1.8113,5.7572,10.1538,0.2898,0.285,-0.1787,0,6.547,0.336,0.3,C/D,0.60,B/C,0.773
A&A Research,2,no,1,0.2959,0,-0.6199,0,5.6474,10.04,0.0968,0.411,-0.0620,0,6.2442,0.137,0.1,B/C,0.90,B/C,0.679
ABC News/The Washington Post,3,yes,82,38.4752,0.7378,1.528,0.7757,3.1281,3.0535,-0.884,0.964,0.0186,0,2.2441,-2.497,-2.5,A,1.20,A+,-0.992
APC Research,4,no,2,1.1313,1,0.3793,-1.0735,5.1785,2.535,-0.2227,0.795,0.0379,0,5.4558,-0.382,-0.4,B/C,0.90,B/C,0.455
ASA Marketing Group,5,no,1,0.3439,1,0.3106,0,5.5144,5.54,-0.0104,0.576,0.0311,0,6.004,-0.021,0.0,B/C,0.90,B/C,0.609
Abacus Associates,6,no,2,0.7644,0.5,-0.4059,0,5.7359,8.06,0.1103,0.401,-0.0406,0,6.3462,0.204,0.2,C/D,0.60,B/C,0.748
Abt Associates,7,yes,10,4.9755,0.9,1.2454,0.2938,4.7885,3.862,0.0015,0.551,0.1245,0,4.79,-0.821,-0.8,B/C,0.90,A/B,-0.223
Alabama State University,8,no,4,0.6344,0.5,-1.2012,0,5.5695,6.385,-0.2269,0.801,-0.1201,0,5.8426,-0.127,-0.1,B/C,0.90,B/C,0.355
American Research Group,9,yes,277,67.8502,0.7509,-24.6217,-0.4658,6.5496,7.5311,0.4563,0.204,-0.0889,0,7.0059,0.639,0.6,C,0.75,C+,0.724
American Viewpoint,10,no,8,3.4129,0.6875,0.2639,-1.7817,5.0167,4.1625,-0.2651,0.832,0.0264,0,5.2516,-0.517,-0.5,B/C,0.90,B/C,0.005
Analytical Group,11,no,1,0.2959,1,0.4405,-1.14,5.4699,4.04,-0.0504,0.622,0.0441,0,5.9195,-0.077,-0.1,B/C,0.90,B/C,0.618
Angus Reid Global,13,no,31,17.087,0.9355,3.5365,0.7263,3.0747,3.1887,-1.0986,0.98,0.1141,0,2.4761,-2.345,-2.3,A,1.20,B+,-0.189
ALG Research,14,no,20,9.6765,0.575,-3.8809,1.039,6.1861,6.311,0.9775,0.068,-0.1940,0.00975,7.67335,1.078,1.1,C/D,0.60,B/C,0.643
Arizona State University,15,no,8,2.5076,1,1.1962,4.3673,6.0385,8.2288,0.4423,0.208,0.1196,0,6.9808,0.622,0.6,C/D,0.60,B/C,0.866
Arthur J. Finkelstein & Associates,16,no,1,0.2785,0,-0.9247,0,5.7406,13.67,0.159,0.36,-0.0925,0,6.3996,0.239,0.2,C/D,0.60,B/C,0.731
Aspen Media & Market Research,17,no,3,1.0962,1,0.4671,0,5.736,7.4567,0.1749,0.348,0.0467,0,6.4109,0.247,0.2,C/D,0.60,B/C,0.595
BIGresearch,19,no,1,0.3124,1,0.0169,-6.92,5.4003,1.89,-0.1212,0.704,0.0017,0,5.7791,-0.169,-0.2,B/C,0.90,B/C,0.611
BK Strategies,20,no,3,1.9968,0.6667,-0.4251,-2.7225,5.1687,3.8067,-0.5318,0.933,-0.0425,0,5.1369,-0.592,-0.6,B/C,0.90,B/C,0.327
Bannon Communications Research,21,no,2,0.606,1,0.0153,3.6621,5.8049,10.37,0.2353,0.299,0.0015,0,6.5402,0.332,0.3,C/D,0.60,B/C,0.736
Baruch College,22,yes,2,0.4356,1,0.0248,0,5.5123,5.485,0.0434,0.488,0.0025,0,5.5557,-0.316,-0.3,B/C,0.90,A/B,-0.094
Baselice & Associates,23,no,2,0.5909,1,0.0283,4.2718,5.7908,10.03,0.2574,0.297,0.0028,0,6.5482,0.337,0.3,C/D,0.60,B/C,0.733
Basswood Research,24,no,4,1.2402,0.75,-0.1525,0,5.8376,8.0425,0.0429,0.49,-0.0153,0,6.3805,0.227,0.2,C/D,0.60,B/C,0.434
Baydoun Consulting,25,no,6,2.5012,0.8333,0.0706,-3.9322,6.1773,6.8433,0.7656,0.1,0.0071,0,7.4429,0.926,0.9,C/D,0.60,B/C,0.781
Becker Institute,26,no,5,1.4003,0.8,-0.703,0.1407,5.8012,7.658,0.0989,0.409,-0.0703,0,6.4001,0.240,0.2,C/D,0.60,B/C,0.663
Behavior Research Center (Rocky Mountain Poll),27,yes,7,1.9404,1,1.4818,2.0545,5.4849,5.29,0.0115,0.537,0.1482,0,5.4964,-0.355,-0.4,B/C,0.90,A/B,-0.058
Belden Russonello,28,no,3,1.0466,1,0.3956,3.051,5.3635,4.1367,0.0595,0.458,0.0396,0,5.923,-0.075,-0.1,B/C,0.90,B/C,0.585
Bendixen & Amandi International,29,no,2,1.3796,1,0.7205,3.2147,5.1789,3.005,0.0304,0.505,0.0721,0,5.7093,-0.215,-0.2,B/C,0.90,B/C,0.532
Benenson Strategy Group,30,no,11,4.4373,0.6818,-0.2861,1.4864,5.9105,6.6155,0.4717,0.192,-0.0260,0.1216,7.0038,0.637,0.6,C/D,0.60,B/C,0.605
Big Ten,31,no,10,4.7084,1,1.75,4.8078,5.1215,4.694,0.6333,0.147,0.1750,0,6.2548,0.144,0.1,B/C,0.90,B/C,0.610
Blum & Weprin Associates,32,yes,19,5.1171,0.9474,-0.1993,0.4128,5.0236,4.7411,-1.1134,0.982,-0.0105,0,3.9102,-1.400,-1.4,A/B,1.08,A/B,-0.537
Braun Research,33,no,6,3.3603,1,0.303,0.0873,5.6658,6.5783,0.0448,0.486,0.0303,0,6.2106,0.115,0.1,B/C,0.90,B/C,0.522
Brigham Young University,34,yes,4,2.0688,0.75,-0.7572,0,7.7737,16.44,1.4109,0.043,-0.0757,0,9.1846,2.073,2.1,D/D,0.30,B/C,1.233
Brown University,35,yes,12,3.3419,0.8333,-1.119,0.5844,7.1438,11.43,1.0393,0.061,-0.0933,0,8.1831,1.414,1.4,D/D,0.30,C/D,1.512
CBS News/The New York Times,36,yes,62,20.9196,0.7742,0.3885,1.5803,3.8298,4.4768,-0.1552,0.736,0.0063,0.145075,3.819675,-1.460,-1.5,B+,1.05,A-,-0.399
CNN/Opinion Research Corp.,37,yes,103,42.0273,0.7379,-6.0679,0.1195,4.6445,5.5553,0.1,0.405,-0.0589,0,4.7445,-0.851,-0.9,B,1.00,B,0.052
CPEC,38,no,2,0.4356,1,0.1438,0,5.9704,16,0.3703,0.24,0.0144,0,6.8407,0.530,0.5,C/D,0.60,C/D,1.355
CSP Polling,39,no,1,0.6211,1,0.3056,-2.3,5.3307,2.57,-0.1428,0.72,0.0306,0,5.6879,-0.229,10.0,F,0.00,F,0.535
CVOTER,40,no,6,3.9234,1,2.0109,-0.4823,4.0401,1.8667,-0.5447,0.937,0.2011,0,3.9954,-1.344,-1.3,A/B,1.08,B/C,0.207
"California State University, Bakersfield",41,no,1,0.2486,0,-0.8165,0,5.6214,9.85,0.0915,0.415,-0.0817,0,6.2129,0.116,0.1,B/C,0.90,B/C,0.710
CallFire,42,no,4,2.3268,0.75,-0.0689,-0.4525,5.1456,3.9325,0.0466,0.484,-0.0069,0,5.6922,-0.227,-0.2,B/C,0.90,B/C,0.659
Canisius College,43,no,1,0.1163,1,0,0,5.45,0.05,-0.0525,0.624,0.0000,0,5.8975,-0.091,-0.1,B/C,0.90,B/C,0.608
Capital Survey Research Center,44,no,13,2.8496,0.3462,-6.3009,0,5.9928,9.6715,0.0855,0.429,-0.4847,0,6.5783,0.357,0.4,C/D,0.60,B/C,0.691
Castleton University,45,yes,3,0.6101,1,0.4071,0,5.8025,9.9567,0.0471,0.48,0.0407,0,5.8496,-0.123,-0.1,B/C,0.90,A/B,-0.156
Central Surveys Inc.,46,no,1,0.3876,0,-0.5421,2.14,5.3645,1.67,-0.0351,0.606,-0.0542,0,5.8294,-0.136,-0.1,B/C,0.90,B/C,0.608
Centre College,47,no,1,0.7261,1,0.377,2.3,5.3927,3.85,0.0716,0.446,0.0377,0,5.9643,-0.047,0.0,B/C,0.90,B/C,0.629
Change Research,48,yes,109,83.4567,0.7477,-4.5812,-0.1978,5.9584,6.3617,0.4602,0.2,-0.0420,0,6.4186,0.252,0.3,C+,0.85,B-,0.543
Cherry Communications,49,no,5,2.6845,0.5,-1.1071,-2.4708,5.755,7.576,0.5705,0.159,-0.1107,0,6.8255,0.520,0.5,C/D,0.60,B/C,0.780
Christopher Newport University,50,yes,13,8.6947,1,2.6339,1.0776,4.4563,5.4231,-0.8345,0.962,0.2026,0.0194,3.6412,-1.577,-1.6,A/B,1.08,A/B,-0.416
Ciruli Associates,51,yes,20,6.8115,0.95,2.3026,-0.9277,4.2656,3.7745,-0.1805,0.757,0.1151,0,4.0851,-1.285,-1.3,A/B,1.08,A/B,-0.304
Clarity Campaign Labs,52,no,12,7.511,0.5417,-2.1961,0.5082,4.0761,3.51,-0.7625,0.956,-0.1830,0,3.8136,-1.464,-1.5,A/B,1.08,B/C,0.103
Clarus Research Group,53,no,3,1.368,1,0.0211,1.864,5.6743,6.7733,0.2849,0.287,0.0021,0,6.4592,0.279,0.3,C/D,0.60,B/C,0.608
Clemson University,54,no,8,1.9048,1,0.6284,0,6.539,10.0562,-0.3157,0.858,0.0628,0,6.7233,0.453,0.5,C/D,0.60,A/B,-0.033
Clout Research/Wenzel Strategies,55,no,16,8.2496,0.5625,-3.5775,-2.97,6.1233,6.7538,1.3589,0.047,-0.2236,0.4925,8.4747,1.606,1.6,D/D,0.30,B/C,0.785
Cole Hargrave Snodgrass & Associates,56,no,5,1.5328,0.6,-1.4993,-0.1152,5.8198,8.114,0.0515,0.476,-0.1499,0,6.3713,0.221,0.2,C/D,0.60,B/C,0.885
Columbus Dispatch,57,yes,22,7.8751,0.9318,1.0388,2.0469,4.5781,5.3982,-0.0328,0.6,0.0472,0.261725,4.807025,-0.809,-0.8,B/C,0.90,A/B,-0.148
Constituent Dynamics,58,no,7,0.9989,0.8571,-0.274,0,5.9073,9.4571,0.1822,0.342,-0.0274,0,6.5895,0.364,0.4,C/D,0.60,B/C,0.711
Consumer Logic,59,no,2,0.5975,0.5,-0.8673,5.2846,5.8774,10.21,0.2689,0.293,-0.0867,0,6.6463,0.402,0.4,C/D,0.60,B/C,0.772
Cooper & Secrest,60,no,1,0.2785,0,-0.5983,0,5.4335,2.64,-0.056,0.633,-0.0598,0,5.8775,-0.105,-0.1,B/C,0.90,B/C,0.615
Craciun Research Group,61,no,1,0.7261,0,-0.9633,9,6.4732,18.73,0.5876,0.157,-0.0963,0,7.5608,1.004,1.0,C/D,0.60,B/C,1.095
Crantford Research,62,no,1,0.4468,1,0.2677,0,5.3771,2.46,-0.0693,0.651,0.0268,0,5.8078,-0.150,-0.2,B/C,0.90,B/C,0.580
CJ&N,63,no,3,0.7322,1,0.4,0,5.3978,4.42,-0.0864,0.679,0.0400,0,5.8114,-0.148,-0.1,B/C,0.90,B/C,0.450
Critical Insights,64,no,19,8.5859,0.8947,-0.9362,0.8867,7.6611,8.0853,1.7309,0.031,-0.0493,0,9.892,2.539,2.5,D/D,0.30,B/C,1.128
Cromer Group,65,no,1,0.3654,1,0.1769,-3.14,5.4557,3.93,0.0381,0.494,0.0177,0,5.9938,-0.028,0.0,B/C,0.90,B/C,0.630
CrossTarget,66,no,2,0.9462,1,0.5116,-11.59,5.7242,7.74,0.026,0.519,0.0512,0,6.2502,0.141,0.1,B/C,0.90,B/C,0.676
Cygnal,67,no,20,15.63,0.95,1.9113,-1.565,4.4968,4.3795,-1.5267,0.994,0.0956,0.14125,3.61135,-1.597,-1.6,B+,1.05,B+,-0.178
DCCC Targeting and Analytics Department,68,no,5,3.7809,0.4,-2.4971,0,7.2138,9.706,0.945,0.074,-0.2497,0,8.6588,1.727,1.7,D/D,0.30,B/C,0.985
DFM Research,69,no,10,5.7228,0.75,-1.0685,0.5663,6.0788,6.439,0.4623,0.198,-0.1069,0,7.0411,0.662,0.7,C/D,0.60,B/C,0.346
Dan Jones & Associates,70,no,42,16.5171,0.9524,0.308,0.0171,5.4529,6.0095,-0.2771,0.842,0.0073,0,5.6758,-0.237,-0.2,B-,0.93,B,0.266
Dane & Associates,71,no,2,0.761,0.5,-0.9444,0,6.7148,21.3,0.8257,0.09,-0.0944,0,8.0405,1.320,1.3,D/D,0.30,B/C,1.292
Dartmouth College,72,no,3,0.2796,1,0.5718,0,5.6194,9.2967,0.027,0.517,0.0572,0,6.1464,0.073,0.1,B/C,0.90,B/C,0.634
Data Orbital,73,yes,13,10.1487,0.9615,3.2558,-0.806,2.4284,2.3969,-0.9895,0.97,0.2504,0,1.4389,-3.028,-3.0,A+,1.30,A/B,-0.560
Data West Polling,74,no,2,0.557,0.5,-0.8452,0,5.9357,13.095,0.2956,0.281,-0.0845,0,6.7313,0.458,0.5,C/D,0.60,B/C,0.831
Datamar Analytics,75,no,8,2.6072,0.6875,-1.1766,-2.1569,5.3163,6.2925,0.3509,0.255,-0.1177,0,6.1672,0.086,0.1,B/C,0.90,B/C,0.796
DHM Research,76,no,14,5.7557,0.8571,0.7994,0.5657,4.4599,4.3779,-0.4855,0.919,0.0571,0,4.4744,-1.029,-1.0,B/C,0.90,B/C,0.564
Decision Forecasting,77,no,3,0.8391,1,0.4723,-0.2147,5.6994,8.0933,0.0681,0.448,0.0472,0,6.2675,0.152,0.2,B/C,0.90,B/C,0.702
Diamond State Consulting Group,78,no,1,0.5172,1,0.0833,0,5.4238,3.78,-0.1056,0.69,0.0083,0,5.8182,-0.144,-0.1,B/C,0.90,B/C,0.554
Dittman Research,79,no,6,2.5731,1,0.6238,-0.6439,5.5339,5.37,-0.2331,0.805,0.0624,0,5.8008,-0.155,-0.2,B/C,0.90,B/C,0.519
Diversified Research Inc,80,no,1,0.2486,1,0.2104,0,5.5005,4.99,0.0069,0.539,0.0210,0,6.0074,-0.019,0.0,B/C,0.90,B/C,0.621
Dixie Strategies,81,no,11,6.2096,0.9545,1.6496,-2.7406,5.9604,6.5736,0.6929,0.133,0.1500,0.43515,7.58845,1.022,1.0,C/D,0.60,B/C,0.530
Douglas Fulmer & Associates,82,no,2,0.4356,1,0.8,0,5.4932,5.045,-0.1284,0.708,0.0800,0,5.8648,-0.113,-0.1,B/C,0.90,B/C,0.425
Dynamics Marketing,83,no,1,0.2486,1,0.0109,0,5.4515,3.02,-0.0274,0.598,0.0011,0,5.9241,-0.074,-0.1,B/C,0.90,B/C,0.621
EPIC-MRA,84,no,54,23.7868,0.7963,-1.1895,-0.2277,4.832,5.4683,-0.5173,0.923,-0.0220,0,4.8147,-0.804,-0.8,B,1.00,B,0.011
Ed Renwick/Loyola University New Orleans,85,no,10,3.6189,0.8,-1.2331,2.9825,6.4205,7.855,0.2753,0.289,-0.1233,0,7.1958,0.764,0.8,C/D,0.60,B/C,0.811
Elon University,86,yes,8,4.5583,0.5625,-1.0075,0.4686,4.4321,3.1538,-0.3095,0.852,-0.1008,0,4.1226,-1.260,-1.3,A/B,1.08,A/B,-0.290
Elway Research,87,no,21,9.1082,0.9048,1.2164,1.7036,3.7077,3.9205,-0.4385,0.909,0.0579,0.1759,3.9451,-1.377,-1.4,A/B,1.08,A/B,-0.288
Emerson College,88,yes,201,130.3231,0.7637,-5.8709,-0.6127,4.6788,5.1924,-0.5367,0.935,-0.0292,0,4.1421,-1.247,-1.2,B+,1.05,A-,-0.392
Ethridge & Associates LLC,89,no,6,1.8549,0.8333,0.1128,-1.2402,4.9806,2.6633,-0.1305,0.712,0.0113,0,5.3501,-0.452,-0.5,B/C,0.90,B/C,0.531
"Fabrizio, Lee & Associates",90,no,4,2.3317,0.5,-0.8209,0.3773,5.3716,4.5725,-0.2203,0.789,-0.0821,0,5.6513,-0.253,-0.3,B/C,0.90,B/C,0.464
FM3 Research,91,no,10,3.6135,0.65,-1.4925,5.4686,7.5728,9.127,1.7323,0.029,-0.1493,0,9.8051,2.482,2.5,D/D,0.30,C/D,1.729
Fairleigh Dickinson University (PublicMind),92,yes,20,7.8595,0.95,0.6213,1.7526,4.5917,4.441,-0.2156,0.785,0.0311,0.18815,4.56425,-0.969,-1.0,B/C,0.90,A/B,-0.328
Feldman Group,93,no,2,0.8336,0.5,-0.6646,1.5951,5.5223,6.675,-0.0151,0.582,-0.0665,0,6.0072,-0.019,0.0,B/C,0.90,B/C,0.687
Field Research Corp. (Field Poll),94,yes,25,7.7628,1,1.7156,0.5047,4.1573,4.1048,-1.0269,0.972,0.0686,0,3.1304,-1.914,-1.9,A/B,1.08,A/B,-0.907
Financial Dynamics,95,no,15,6.3366,1,2.0222,-1.3163,3.7254,2.942,-0.0047,0.568,0.1348,0.079075,4.299775,-1.144,-1.1,B/C,0.90,B/C,0.455
Fleming & Associates,96,no,18,7.2478,1,2.2036,-0.4275,5.2114,5.1333,-0.3386,0.87,0.1224,0,5.3728,-0.437,-0.4,B/C,0.90,A/B,-0.076
Florida Atlantic University,97,no,9,4.8885,0.6667,-1.1243,0.1814,4.722,3.6367,-0.3338,0.864,-0.1124,0,4.8882,-0.756,-0.8,B/C,0.90,A/B,-0.216
Florida International University/Univision,98,no,1,0.3805,1,0.0269,0,5.3722,1.8,-0.1065,0.692,0.0027,0,5.7657,-0.178,-0.2,B/C,0.90,B/C,0.591
The Florida Poll,99,no,5,1.7589,0.6,-0.5822,0.1748,5.3584,4.614,0.1319,0.383,-0.0582,0,5.9903,-0.030,0.0,B/C,0.90,B/C,0.677
Forman Center,100,no,2,0.4682,1,0.0944,1.875,5.7707,11.005,0.1842,0.34,0.0094,0,6.4549,0.276,0.3,C/D,0.60,B/C,0.740
Fort Hays State University,101,no,6,2.2508,0.6667,-1.0296,0,8.8179,22.1,2.1107,0.013,-0.1030,0,11.4286,3.551,3.6,D/D,0.30,C/D,2.926
Forward Strategies,102,no,2,0.9199,1,0.4713,3.1846,5.1252,1.305,-0.1645,0.746,0.0471,0,5.4607,-0.379,-0.4,B/C,0.90,B/C,0.533
Fox News/Beacon Research/Shaw & Co. Research,103,yes,46,25.7791,0.75,-1.8633,0.4151,5.1442,5.5626,-0.2915,0.848,-0.0405,0,4.8527,-0.779,-0.8,B,1.00,A,-0.653
Fox News/Opinion Dynamics Corp.,104,yes,34,10.9585,0.7206,-0.3743,-1.1257,3.7786,3.895,0.1011,0.403,-0.0110,0.031425,3.911125,-1.399,-1.4,B+,1.05,A/B,-0.239
Frank N. Magid Associates Inc.,105,no,5,1.5317,0.8,-0.7639,-0.0196,5.6459,6.322,-0.0052,0.57,-0.0764,0,6.1407,0.069,0.1,B/C,0.90,B/C,0.610
Franklin & Marshall College,106,yes,23,11.2437,0.8696,1.2844,1.1859,5.6616,6.1148,1.1776,0.053,0.0558,0.046475,6.885675,0.559,0.6,C,0.75,B/C,0.428
Franklin Pierce University,107,no,17,4.3623,0.8529,0.6996,3.8443,5.9697,6.7282,0.3834,0.234,0.0412,0.711075,7.564175,1.006,1.0,C/D,0.60,B/C,0.573
Frederick Polls,108,no,7,5.6621,0.5,-1.1305,-0.1553,4.5352,3.6529,-0.5187,0.929,-0.1131,0,4.5165,-1.001,-1.0,B/C,0.90,B/C,0.370
GBAO,109,no,12,8.8662,0.7917,0.0751,1.7607,5.6704,5.4533,0.6596,0.141,0.0063,0.190175,7.020175,0.648,0.6,C/D,0.60,B/C,0.220
GCR & Associates,110,no,1,0.1745,1,0,0,5.7366,18.3,0.1361,0.379,0.0000,0,6.3727,0.222,0.2,C/D,0.60,B/C,0.865
GaPundit.com,111,no,2,1.1313,0.25,-1.1857,2.8614,5.8249,8.255,0.3215,0.267,-0.1186,0,6.6464,0.402,0.4,C/D,0.60,B/C,0.732
Gallup,112,yes,84,27.188,0.6905,-2.4531,-1.1298,3.9396,4.2664,0.231,0.305,-0.0292,0.03245,4.20305,-1.207,-1.2,B+,1.05,B+,-0.215
Garin-Hart-Yang Research Group,113,no,29,13.3308,0.8103,0.273,2.9674,6.023,5.901,0.6952,0.129,0.0094,0.49185,7.71005,1.102,1.1,C-,0.65,B-,0.330
Georgetown University (Battleground),114,yes,35,13.3876,0.5571,-3.6341,-1.3764,3.3095,3.3554,0.1612,0.354,-0.1038,0.0941,3.5648,-1.628,-1.6,A-,1.10,A/B,-0.058
GfK Group,115,yes,21,10.0079,0.9286,2.7432,1.3901,3.9837,3.8105,0.4653,0.196,0.1306,0.097525,4.546525,-0.981,-1.0,B,1.00,A/B,-0.088
Glascock Group,116,no,2,1.0344,0.5,-0.7557,0,6.5009,15.06,0.6056,0.149,-0.0756,0,7.6065,1.034,1.0,C/D,0.60,B/C,1.223
Glengariff Group,117,yes,11,6.6964,0.8182,-0.028,1.4698,5.4437,5.2991,0.5167,0.175,-0.0025,0.11745,6.07785,0.027,0.0,B/C,0.90,B/C,0.222
Global Strategy Group,118,no,25,10.4871,0.68,-2.8985,1.6448,6.6731,6.4188,0.7382,0.108,-0.1159,0.1612,8.0725,1.341,1.3,C-,0.65,B/C,0.892
Global Strategy Group/National Research (Philadelphia Inquirer),119,yes,4,2.2104,1,0.3717,0.7858,4.9673,2.98,-0.1627,0.744,0.0372,0,4.8046,-0.811,-0.8,B/C,0.90,A/B,-0.024
Glover Park Group,120,no,1,0.4653,0,-0.6365,-5.8,5.7856,11.36,0.2208,0.311,-0.0637,0,6.5064,0.310,0.3,C/D,0.60,B/C,0.780
Gonzales Research & Marketing Strategies Inc.,121,no,10,4.006,0.8,-0.9362,0.2335,6.0383,6.543,0.5057,0.179,-0.0936,0,7.044,0.664,0.7,C/D,0.60,B/C,0.868
Google Surveys,122,yes,24,15.258,0.875,2.7651,0.011,5.6662,5.3967,0.8111,0.094,0.1152,0,6.4773,0.290,0.3,C+,0.85,B-,0.591
Gordon S. Black Corp.,123,yes,2,0.482,1,0.2904,-1.1544,5.5592,6.355,-0.0406,0.612,0.0290,0,5.5186,-0.341,-0.3,B/C,0.90,A/B,-0.042
Gravis Marketing,124,no,153,95.4875,0.7059,-8.9512,0.053,4.8115,5.2263,-0.0416,0.614,-0.0585,0,5.2699,-0.505,-0.5,B,1.00,B,0.129
Great Lakes Strategies Group,125,no,1,0.4205,0,-0.6456,0,5.5988,7.54,0.0252,0.521,-0.0646,0,6.124,0.058,0.1,B/C,0.90,B/C,0.705
GQR Research (GQRR),126,yes,57,23.0165,0.5439,-9.3591,2.1437,4.3427,4.536,0.6916,0.135,-0.1642,0.285925,5.320225,-0.472,-0.5,B-,0.93,B,0.008
Greenberg Quinlan Rosner/American Viewpoint,127,yes,8,4.172,1,0.3411,1.2275,5.1952,4.3788,-0.2265,0.799,0.0341,0,4.9687,-0.703,-0.7,B/C,0.90,A/B,-0.463
Greg Smith & Associates,128,no,5,1.739,0.4,-2.4752,0,6.441,10.132,0.642,0.145,-0.2475,0,7.583,1.019,1.0,C/D,0.60,B/C,1.019
Grove Insight,129,no,29,15.0155,0.8966,4.9732,2.1579,2.7085,2.9534,-1.2302,0.984,0.1715,0.289475,2.267775,-2.482,-2.5,A,1.20,A/B,-0.378
Hamilton Campaigns,130,no,13,5.1382,0.5769,-2.4837,1.1639,6.5896,6.6838,0.9212,0.076,-0.1911,0.040975,8.051775,1.327,1.3,D/D,0.30,B/C,1.074
Hampton University,131,no,4,2.6329,0.5,-1.0471,-6.4707,6.0597,7.51,0.8311,0.088,-0.1047,0,7.3908,0.892,0.9,C/D,0.60,B/C,1.006
Harper Polling,132,no,14,8.1155,0.7857,-0.1523,-0.8192,3.7073,3.75,-1.0592,0.976,-0.0109,0,3.1481,-1.902,-1.9,A/B,1.08,B/C,0.053
Harris Insights & Analytics,133,yes,182,75.0352,0.8324,3.4921,-0.1438,4.51,5.0432,-0.2211,0.791,0.0192,0,4.2889,-1.151,-1.2,B+,1.05,B+,-0.062
Harstad Strategic Research Inc.,134,no,11,4.8895,0.7727,0.0348,1.7649,4.6353,3.7145,-0.3933,0.889,0.0032,0.191225,4.933225,-0.726,-0.7,B/C,0.90,B/C,0.040
Harvard University,135,yes,1,0.2959,0,-0.7469,1.36,5.5525,6.83,0.0402,0.492,-0.0747,0,5.5927,-0.292,-0.3,B/C,0.90,B/C,0.026
Hays Research Group,136,no,9,3.8643,0.7778,-0.1466,1.4751,6.453,8.0322,0.6979,0.127,-0.0147,0,7.6509,1.063,1.1,C/D,0.60,B/C,0.832
Hellenthal & Associates,137,no,5,2.487,0.4,-1.6936,2.8615,6.1484,8.072,0.7585,0.104,-0.1694,0,7.4069,0.903,0.9,C/D,0.60,B/C,0.867
Hendrix College,138,no,16,8.5707,0.9375,-0.3499,-0.1932,6.7805,7.1556,0.3177,0.271,-0.0219,0,7.5982,1.029,1.0,C/D,0.60,B/C,0.213
High Point University,139,yes,3,1.4634,0.6667,-0.3199,1.3992,5.7988,11.5433,0.2019,0.324,-0.0320,0,6.0007,-0.023,0.0,B/C,0.90,B/C,0.740
Hill Research Consultants,140,no,5,1.5065,0.6,-0.9654,-3.2175,5.4522,5.266,0.0021,0.549,-0.0965,0,5.9543,-0.054,-0.1,B/C,0.90,B/C,0.664
Hoffman Research Group,141,no,2,1.2973,1,0.2665,-0.1525,5.454,5.245,-0.0471,0.62,0.0267,0,5.9069,-0.085,-0.1,B/C,0.90,B/C,0.708
Howey Politics/DePauw University,142,no,7,3.0027,0.5714,-1.4335,0.2196,5.7646,6.74,0.4802,0.19,-0.1434,0,6.7448,0.467,0.5,C/D,0.60,B/C,0.737
Humphrey Institute,143,no,12,3.8292,0.5,-2.7608,2.484,6.9414,13.2567,1.3645,0.045,-0.2301,0.371,9.1769,2.068,2.1,D/D,0.30,C/D,1.942
IBD/TIPP,144,yes,31,17.1722,0.8065,3.1292,-1.8129,1.834,2.0861,-1.2391,0.986,0.1009,0.203225,0.798125,-3.450,-3.4,A+,1.30,A+,-0.938
IMGE Insights,145,no,2,1.3198,1,0.2566,-0.49,5.6332,6.42,-0.0332,0.602,0.0257,0,6.1,0.042,0.0,B/C,0.90,B/C,0.569
IVR Polls,146,no,4,0.5708,1,0.726,0,5.4356,4.15,-0.1594,0.742,0.0726,0,5.7762,-0.171,-0.2,B/C,0.90,B/C,0.400
Illinois Wesleyan University,147,no,3,0.8571,1,0.5121,-5.0072,5.6826,8.1767,0.1451,0.372,0.0512,0,6.3277,0.192,0.2,B/C,0.90,B/C,0.691
Independent Market Research,148,no,2,0.482,1,0.0944,3.6713,5.5325,5.755,0.0879,0.425,0.0094,0,6.1204,0.055,0.1,B/C,0.90,B/C,0.670
Indiana University,149,yes,2,0.608,1,0.2854,0.1084,5.2355,0.87,-0.1078,0.698,0.0285,0,5.1277,-0.598,-0.6,B/C,0.90,A/B,-0.095
Indiana University-Purdue University Fort Wayne,150,no,3,0.6534,0,-2.4797,0,6.6836,23.4167,0.754,0.106,-0.2480,0,7.9376,1.252,1.3,D/D,0.30,C/D,2.048
Insights West,151,no,9,6.2082,0.9444,0.771,-0.6696,3.6342,2.4567,-0.6448,0.946,0.0771,0,3.4894,-1.677,-1.7,A/B,1.08,B/C,0.254
Iona College,152,no,1,0.4205,1,0.2332,0,5.465,4.36,-0.0684,0.649,0.0233,0,5.8966,-0.092,-0.1,B/C,0.90,B/C,0.655
Iowa State University,153,no,3,0.6101,0.6667,0.2981,0,5.5289,6.2467,-0.154,0.734,0.0298,0,5.8749,-0.106,-0.1,B/C,0.90,B/C,0.342
Ipsos,154,yes,104,67.7024,0.75,3.5805,0.4461,4.3859,4.5828,-0.0374,0.608,0.0344,0,4.3485,-1.111,-1.1,B+,1.05,B-,0.342
Alaska Survey Research,155,no,9,4.8367,0.4444,-2.9767,0.6324,6.3556,7.4111,0.7041,0.12,-0.2977,0,7.5597,1.003,1.0,C/D,0.60,B/C,0.574
JMC Analytics,156,no,13,9.1103,0.8846,0.988,0.3269,5.2802,5.6877,0.7207,0.118,0.0760,0,6.5009,0.306,0.3,C/D,0.60,B/C,0.511
Jayhawk Consulting Services,157,no,2,1.1907,0.5,-1,0,9.2525,37.615,2.604,0.005,-0.1000,0,12.3565,4.162,4.2,D/D,0.30,C/D,2.794
Jeffrey Stonecash,158,no,1,0.3439,1,0.4056,0,5.717,11.43,0.1314,0.385,0.0406,0,6.3484,0.206,0.2,C/D,0.60,B/C,0.770
Jim Meader (KELOLAND-TV),159,no,4,1.1985,1,0.68,0.8444,5.4003,4.5675,0.0116,0.535,0.0680,0,5.9119,-0.082,-0.1,B/C,0.90,B/C,0.559
KRC Research,160,yes,22,4.0909,0.9091,1.1134,0.8133,5.8966,7.1309,-0.1535,0.73,0.0506,0,5.7431,-0.193,-0.2,B/C,0.90,A/B,-0.070
Keating Research,161,no,5,3.1248,0.8,0.3234,2.5437,4.5348,2.422,-0.2902,0.846,0.0323,0,4.7446,-0.851,-0.9,B/C,0.90,B/C,0.412
Kiley & Company,162,no,5,2.5114,1,0.6066,4.6305,5.1529,4.352,-0.4583,0.915,0.0607,0,5.1946,-0.554,-0.6,B/C,0.90,B/C,0.308
Kimball Political Consulting,163,no,6,3.2574,0.8333,-0.5145,-2.4204,5.8006,6.2883,0.49,0.183,-0.0515,0,6.7906,0.497,0.5,C/D,0.60,B/C,0.741
Knowledge Networks,164,yes,3,1.1004,1,0.2049,0.4922,5.3014,4.1633,-0.07,0.653,0.0205,0,5.2314,-0.530,-0.5,B/C,0.90,A/B,-0.094
Lake Research Partners,165,no,12,6.8315,0.8333,0.2765,0.7236,4.3869,4.0558,-0.5183,0.927,0.0230,0,4.3686,-1.098,-1.1,B/C,0.90,A/B,-0.133
Landmark Communications,166,no,48,27.9837,0.7708,-3.1802,-1.0532,4.1986,4.4483,-0.7267,0.954,-0.0663,0.0133,3.9852,-1.351,-1.4,B+,1.05,A,-0.786
Lauer Johnson Research,167,no,1,0.3439,0,-0.9103,0,5.7989,13.81,0.1887,0.334,-0.0910,0,6.4876,0.297,0.3,C/D,0.60,B/C,0.801
"Lauer, Lalley, Victoria",168,yes,1,0.2203,1,0.2224,0,5.4286,1.66,-0.081,0.669,0.0222,0,5.3476,-0.453,-0.5,B/C,0.90,A/B,-0.046
Liberty Opinion Research,169,no,1,0.2178,1,0,0,5.5259,6.08,0.0294,0.507,0.0000,0,6.0553,0.013,0.0,B/C,0.90,B/C,0.641
Lincoln Institute,170,no,2,0.5905,0.75,-0.0386,2.3262,5.4319,4.13,-0.1817,0.759,-0.0039,0,5.7502,-0.188,-0.2,B/C,0.90,B/C,0.582
Loras College,171,no,18,9.3719,0.7222,-2.1023,0.2277,6.922,8.1217,0.7287,0.114,-0.1168,0,8.1507,1.393,1.4,D/D,0.30,B/C,0.983
Los Angeles Times,172,yes,36,9.5048,0.8472,0.5412,0.616,4.8459,5.0328,0.3516,0.253,0.0150,0,5.1975,-0.552,-0.6,B/C,0.90,A/B,-0.448
Louis Harris & Associates,173,yes,2,0.4682,1,0.4664,4.3,5.2956,0.86,-0.1777,0.753,0.0466,0,5.1179,-0.605,-0.6,B/C,0.90,A/B,-0.072
Louisville Courier-Journal,174,yes,10,3.1724,0.8,-0.1161,-0.734,4.9324,3.538,-0.203,0.775,-0.0116,0,4.7294,-0.861,-0.9,B/C,0.90,A/B,-0.275
Lucid,175,no,25,17.4828,0.88,3.7334,2.0862,4.1931,4.2,0.6912,0.137,0.1493,0.27155,5.65585,-0.250,-0.3,B-,0.93,B-,0.354
Lycoming College,176,no,3,1.1449,0.6667,-0.6265,0,5.7658,7.2667,0.1236,0.391,-0.0627,0,6.3894,0.233,0.2,C/D,0.60,B/C,0.801
MFour Mobile Research,177,no,2,1.1052,1,0,3.7685,5.1994,2.81,-0.3905,0.885,0.0000,0,5.3089,-0.479,-0.5,B/C,0.90,B/C,0.481
MSR Group,178,no,6,1.8955,1,0.0823,0,5.4663,5.4067,0.0549,0.464,0.0082,0,6.0212,-0.010,0.0,B/C,0.90,B/C,0.415
Magellan Strategies,179,no,18,7.6654,0.9444,0.8846,-0.2523,5.6329,6.5061,0.1515,0.366,0.0491,0,6.2844,0.163,0.2,B/C,0.90,B/C,0.104
Maine People's Resource Center,180,no,14,7.99,0.9286,0.2355,0.5026,5.6919,5.7557,0.3874,0.232,0.0168,0,6.5793,0.358,0.4,C/D,0.60,B/C,0.416
Manhattanville College,181,no,3,0.5752,1,0.2553,0.3429,5.6056,6.25,-0.0447,0.618,0.0255,0,6.0609,0.016,0.0,B/C,0.90,B/C,0.566
MarblePort,182,no,2,1.1624,1,0.0852,-3.275,5.5189,5.56,0.078,0.44,0.0085,0,6.0969,0.040,0.0,B/C,0.90,B/C,0.670
Marist College,183,yes,189,81.1036,0.8333,-1.5622,0.2602,5.0511,5.504,-0.2396,0.811,-0.0083,0,4.8115,-0.807,-0.8,B,1.00,A,-0.669
Market Decisions Research,184,no,4,1.4941,1,0.2578,-0.0192,5.3427,4.665,-0.1491,0.726,0.0258,0,5.6936,-0.226,-0.2,B/C,0.90,B/C,0.537
Market Research Insight,185,no,19,9.2805,0.9474,0.1567,1.7398,6.9788,7.2363,1.4934,0.041,0.0082,0.18495,9.15715,2.055,2.1,D/D,0.30,B/C,0.839
Market Research Institute Inc.,186,no,11,3.5583,1,1.5982,0.6007,5.0194,4.2018,-0.0639,0.643,0.1453,0,5.4555,-0.382,-0.4,B/C,0.90,B/C,0.288
Market Shares Corp.,187,yes,25,7.637,0.84,-0.0346,0.0193,5.3618,5.8336,-0.022,0.594,-0.0014,0,5.3398,-0.459,-0.5,B/C,0.90,A/B,-0.190
Market Solutions Group,188,yes,4,0.931,1,0.3454,0.9332,5.3693,4.36,-0.0616,0.639,0.0345,0,5.3077,-0.480,-0.5,B/C,0.90,A/B,-0.101
Escalent,189,yes,1,0.2959,1,0.1754,-4.28,5.3835,1.12,-0.1045,0.687,0.0175,0,5.279,-0.499,-0.5,B/C,0.90,A/B,-0.055
Market Trends Pacific,190,no,1,0.2959,0.5,-0.2355,0,5.4847,4.54,-0.0171,0.584,-0.0236,0,5.9676,-0.045,0.0,B/C,0.90,B/C,0.629
MarketAide Services Inc.,191,no,1,0.2959,1,0.1569,7.6,5.6823,11.22,0.2064,0.32,0.0157,0,6.3887,0.232,0.2,C/D,0.60,B/C,0.735
Marketing Research Institute,192,no,9,2.8125,0.3333,-4.104,-1.464,6.7296,9.8378,0.1464,0.37,-0.4104,0,7.376,0.882,0.9,C/D,0.60,B/C,0.911
Marketing Resource Group (MRG),193,no,10,3.9137,0.3,-4.3456,1.3003,6.7297,9.836,1.0208,0.064,-0.4346,0,8.2505,1.458,1.5,D/D,0.30,B/C,1.024
Marketing Workshop,194,no,8,2.2735,0.5,-3.0715,1.3874,6.6575,10.6012,0.7698,0.098,-0.3072,0,7.9273,1.245,1.2,D/D,0.30,B/C,1.120
Marquette University Law School,195,yes,13,6.9121,0.8077,0.3435,-0.2973,3.6322,2.9308,-1.7274,0.996,0.0264,0,1.9048,-2.721,-2.7,A/B,1.08,A/B,-0.870
Marshall Marketing,196,no,4,1.4242,1,0.944,-1.0953,5.2806,3.4525,0.0522,0.474,0.0944,0,5.8328,-0.134,-0.1,B/C,0.90,B/C,0.452
Mason-Dixon Polling & Strategy,197,no,445,155.688,0.8596,5.2112,-0.7084,4.8147,5.1262,-0.2005,0.771,0.0117,0,5.1142,-0.607,-0.6,B,1.00,A-,-0.394
MassINC Polling Group,198,yes,20,10.5992,0.85,0.2467,-0.6248,3.6582,4.5285,-1.4434,0.99,0.0123,0,2.2148,-2.517,-2.5,A,1.20,A/B,-0.744
Massie & Associates,199,no,2,0.4406,0,-1.9894,0,6.3274,23.98,0.5266,0.169,-0.1989,0,7.354,0.868,0.9,C/D,0.60,B/C,0.997
Master Image,200,no,2,0.4356,1,0,0,5.3239,1.16,-0.0835,0.671,0.0000,0,5.7404,-0.195,-0.2,B/C,0.90,B/C,0.425
McKeon & Associates,202,no,3,1.3491,0.6667,-0.2358,1.1364,5.2201,2.9067,-0.372,0.879,-0.0236,0,5.3481,-0.453,-0.5,B/C,0.90,B/C,0.347
McLaughlin & Associates,203,no,27,13.0599,0.6852,-3.4888,-2.8099,7.4863,7.3007,2.6362,0.003,-0.1292,0.452475,11.074975,3.318,3.3,D,0.40,C/D,1.557
Meeting Street Insights,204,no,4,3.3711,0.5,-0.9207,0.8947,5.0686,4.06,-0.0658,0.645,-0.0921,0,5.5028,-0.351,-0.4,B/C,0.90,B/C,0.618
Mellman Group,205,no,26,13.7483,0.8269,3.6098,3.0163,3.973,4.4888,0.3096,0.277,0.1388,0.504075,5.286675,-0.494,-0.5,B-,0.93,B/C,0.152
Merrill Poll,206,no,2,0.4356,1,0.0439,0,5.6531,8.715,-0.0201,0.588,0.0044,0,6.133,0.064,0.1,B/C,0.90,B/C,0.497
MRG Research,207,no,24,10.8939,0.8333,-1.0694,-0.7407,9.1576,8.9446,2.0742,0.015,-0.0446,0,11.7318,3.751,3.8,D,0.40,B/C,1.112
Middle Tennessee State University,208,yes,5,2.411,1,0.1253,0,6.3378,9.308,0.7307,0.112,0.0125,0,7.0685,0.680,0.7,C/D,0.60,B/C,0.184
Millersville University,210,no,5,1.3684,0.8,-0.4131,-1.1765,6.6027,14.158,0.5958,0.151,-0.0413,0,7.6985,1.095,1.1,C/D,0.60,B/C,0.984
Minnesota State University Moorhead,211,no,4,1.3761,1,0.0045,0,6.0173,9.2025,0.4862,0.187,0.0005,0,7.0035,0.637,0.6,C/D,0.60,B/C,0.711
Missouri State University,212,no,3,1.3141,0.6667,-0.7161,-1.4149,5.3417,4.36,-0.209,0.779,-0.0716,0,5.6327,-0.266,-0.3,B/C,0.90,B/C,0.453
Mitchell Research & Communications,213,no,72,31.7146,0.6944,-4.8874,0.1512,5.8721,7.1457,0.2177,0.314,-0.0679,0,6.5898,0.365,0.4,C+,0.85,C-,1.368
Momentum Analysis,214,no,3,1.1083,0.3333,-1.6676,0,6.4437,13.65,0.5947,0.153,-0.1668,0,7.5384,0.989,1.0,C/D,0.60,B/C,1.125
Monmouth University,215,yes,120,58.1074,0.7833,-5.6823,0.3492,5.6,5.8959,-0.374,0.881,-0.0474,0,5.226,-0.534,-0.5,B,1.00,A,-0.708
Montana State University Billings,216,no,11,5.9137,0.5909,-3.0408,1.1695,7.1377,6.6391,0.5918,0.155,-0.2764,0.042375,8.271875,1.472,1.5,D/D,0.30,B/C,0.765
Moore Information,217,no,12,5.8231,0.75,-1.181,-1.5569,5.9592,6.4633,0.2689,0.293,-0.0984,0.139225,6.867325,0.547,0.5,C/D,0.60,B/C,0.512
Morning Consult,218,no,66,59.2672,0.8333,7.3003,0.2757,4.5926,4.4871,0.0355,0.498,0.1106,0,5.1281,-0.598,-0.6,B,1.00,B,0.261
Muhlenberg College,219,yes,32,17.2984,0.8594,2.444,0.2855,3.4708,3.77,-0.3509,0.872,0.0764,0,3.1199,-1.921,-1.9,A-,1.10,B+,-0.221
Multi-Quest International,220,no,4,1.8177,0.75,-0.1167,1.3203,5.5131,5.39,-0.019,0.586,-0.0117,0,5.9941,-0.028,0.0,B/C,0.90,B/C,0.711
NBC News/The Wall Street Journal,221,yes,34,15.0777,0.7794,1.7843,0.7468,3.5606,4.0574,-0.1504,0.728,0.0525,0,3.4102,-1.729,-1.7,A-,1.10,B+,-0.074
NPR,222,yes,3,1.3255,0.1667,-1.4945,0.0349,5.3427,4.7167,0.134,0.381,-0.1495,0,5.4767,-0.368,-0.4,B/C,0.90,B/C,0.019
NRECA Market Research,223,no,1,0.2479,1,0,0,5.5323,6.27,-0.0098,0.574,0.0000,0,6.0225,-0.009,0.0,B/C,0.90,B/C,0.633
National Journal,224,yes,12,5.5168,1,2.3924,0.2804,3.8807,2.5892,-0.3923,0.887,0.1994,0,3.4884,-1.678,-1.7,A/B,1.08,A/B,-0.241
National Research Inc.,225,no,15,8.6855,0.7667,0.9789,-0.0169,3.7581,4.39,-0.8212,0.96,0.0653,0,3.4369,-1.712,-1.7,A/B,1.08,A/B,-0.359
Neighbor,226,no,1,0.2479,1,0.1288,0,5.8007,17.1,0.1781,0.346,0.0129,0,6.4788,0.291,0.3,C/D,0.60,B/C,0.785
Neighborhood Research and Media,227,no,3,1.125,0.3333,-1.0189,-2.6218,5.6367,6.9667,0.0844,0.433,-0.1019,0,6.2211,0.122,0.1,B/C,0.90,B/C,0.633
New England College,228,no,19,10.1616,0.7368,-0.7009,-1.5215,4.0762,4.1858,-0.2982,0.85,-0.0369,0.130375,4.408375,-1.072,-1.1,B+,1.05,A/B,-0.034
New Frontier Strategy,229,no,2,0.349,0.5,-0.8988,0,5.8116,14.055,0.0569,0.462,-0.0899,0,6.3685,0.219,0.2,C/D,0.60,B/C,0.742
New Mexico State University,230,no,1,0.1427,0,-0.5706,0,5.5369,7.15,-0.0026,0.566,-0.0571,0,6.0343,-0.001,0.0,B/C,0.90,B/C,0.591
Nielson Brothers Polling,231,no,11,6.8218,0.9091,-0.538,1.3796,10.474,12.2627,3.2282,0,-0.0489,0.0949,14.2971,5.440,5.4,D/D,0.30,C/D,2.218
"Normington, Petts & Associates",232,no,12,5.0504,0.5833,-2.4835,1.3867,7.0153,7.5525,0.871,0.082,-0.2070,0.096675,8.482975,1.611,1.6,D/D,0.30,B/C,0.834
"North Star Opinion Research/Ayres, McHenry & Associates",233,no,9,3.2541,0.9444,1.1944,-0.6422,4.762,4.9711,-0.4039,0.897,0.1194,0,4.8581,-0.776,-0.8,B/C,0.90,B/C,0.050
Northern Arizona University,234,yes,4,1.4081,1,0.5864,-1.3342,5.179,3.58,-0.2638,0.83,0.0586,0,4.9152,-0.738,-0.7,B/C,0.90,A/B,-0.191
OH Predictive Insights,235,no,7,5.0223,0.7143,-0.1182,-2.5599,4.937,4.4957,0.2065,0.318,-0.0118,0,5.6435,-0.259,-0.3,B/C,0.90,B/C,0.417
Ohio State University,236,yes,1,0.3108,1,0.2001,-4.83,5.4565,3.68,0.0023,0.547,0.0200,0,5.4588,-0.380,-0.4,B/C,0.90,A/B,-0.028
Ohio University,237,yes,2,0.8632,0.5,-0.3611,8.2278,5.8171,8.76,0.4948,0.181,-0.0361,0,6.3119,0.182,0.2,B/C,0.90,B/C,0.159
Old Dominion University,238,no,1,0.5208,1,0.3554,-0.75,5.4597,4.48,-0.0534,0.627,0.0355,0,5.9063,-0.086,-0.1,B/C,0.90,B/C,0.682
OnMessage Inc.,239,no,12,6.1877,0.75,-0.2969,-3.6559,5.9189,6.765,0.2327,0.303,-0.0247,0.663975,7.315575,0.843,0.8,C/D,0.60,B/C,0.517
OnPoint,240,no,6,2.2354,1,1.5079,1.5214,4.8694,2.5683,-0.453,0.913,0.1508,0,4.9164,-0.737,-0.7,B/C,0.90,B/C,0.420
Opinion Consultants,241,no,2,0.7523,1,0.0651,-4.9523,5.5941,6.62,0.0826,0.435,0.0065,0,6.1767,0.093,0.1,B/C,0.90,B/C,0.727
Opinion Research Associates,242,no,14,5.4208,0.6071,-3.812,4.5003,8.4842,9.1879,1.9612,0.019,-0.2723,0.875075,11.820475,3.809,3.8,D/D,0.30,C/D,1.654
Opinion Savvy/InsiderAdvantage,243,no,140,51.0452,0.6679,-17.5502,-0.6121,5.0389,6.6372,-0.0019,0.561,-0.1254,0,5.537,-0.329,-0.3,B-,0.93,B,0.043
OpinionWorks,244,no,6,2.9109,0.9167,-0.3919,0,5.992,7.2867,0.4381,0.21,-0.0392,0,6.9301,0.589,0.6,C/D,0.60,B/C,0.685
Optimus,245,yes,19,11.302,0.8421,-0.2579,-2.1953,6.3261,7.2337,-0.2708,0.838,-0.0136,0.298825,6.354125,0.209,0.2,C+,0.85,B/C,0.218
Orion Strategies,246,no,4,1.5194,1,0.1584,3.8972,5.2304,3.205,-0.4072,0.901,0.0158,0,5.3232,-0.470,-0.5,B/C,0.90,B/C,0.390
Overtime Politics,247,no,12,2.6136,0.6667,-1.759,0,6.6391,9.8183,0.1688,0.35,-0.1466,0,7.3079,0.837,10.0,F,0.00,F,0.561
PSI,248,no,3,0.4972,0.6667,-0.4245,-2.0816,5.6383,11.6867,0.1132,0.397,-0.0425,0,6.2515,0.142,0.1,B/C,0.90,B/C,0.761
Pan Atlantic Research,249,no,17,7.0431,0.9412,0.7007,-1.0966,5.8709,6.2694,0.0507,0.478,0.0412,0.02415,6.44575,0.270,0.3,C/D,0.60,B/C,0.238
PSB Research,250,no,19,7.7127,0.6316,-3.8709,0.4678,7.1134,7.7505,0.727,0.116,-0.2037,0,8.3404,1.517,1.5,D/D,0.30,B/C,0.587
Big Data Poll,251,no,4,2.9044,0.25,-1.492,-4.6,4.7981,3.05,0.0541,0.466,-0.1492,0,5.3522,-0.450,10.0,F,0.00,F,0.523
Personal Marketing Research,252,no,3,0.3027,0.6667,-0.6394,0,5.5014,5.41,-0.0782,0.661,-0.0639,0,5.9232,-0.074,-0.1,B/C,0.90,B/C,0.530
Pew Research Center,253,yes,25,9.3743,0.5,-4.3895,1.1367,4.1986,4.3176,0.422,0.22,-0.1756,0.034175,4.654775,-0.910,-0.9,B/C,0.90,B/C,0.005
Pharos Research Group,254,no,33,17.6829,0.9394,3.6302,1.0432,3.7767,3.7279,-0.1098,0.702,0.1100,0.0108,4.1777,-1.224,10.0,F,0.00,F,-0.181
Polling Company/Global Strategy Group (Hotline Bullseye),255,yes,4,1.181,0.25,-1.1199,-2.531,5.3796,4.2925,0.0871,0.427,-0.1120,0,5.4667,-0.375,-0.4,B/C,0.90,B/C,0.019
Potomac Incorporated,256,yes,8,2.0257,0.875,0.102,0.1512,5.1818,4.5675,-0.2688,0.834,0.0102,0,4.913,-0.740,-0.7,B/C,0.90,A/B,-0.197
Praecones Analytica,257,no,3,1.9968,0.3333,-0.6645,-4.926,4.7754,1.7967,-0.6271,0.944,-0.0665,0,4.6483,-0.914,-0.9,B/C,0.90,B/C,0.321
Princeton Survey Research Associates International,258,yes,35,12.4619,0.6571,-1.4858,0.3048,4.581,4.9646,0.4485,0.206,-0.0425,0,5.0295,-0.663,-0.7,B,1.00,A/B,-0.089
Probolsky Research,259,no,3,1.9905,0.6667,-0.5642,-1.8227,5.8251,6.96,0.1158,0.395,-0.0564,0,6.4409,0.267,0.3,C/D,0.60,B/C,0.623
Public Opinion Strategies,260,yes,77,32.9514,0.6818,-7.1583,-1.6656,5.1568,5.4014,-0.1458,0.722,-0.0930,0.1664,5.1774,-0.566,-0.6,B,1.00,A-,-0.403
Public Opinion Strategies/Hamilton Campaigns (Texas Credit Union League),261,yes,2,0.2854,1,0.363,0,5.5518,6.855,-0.0025,0.564,0.0363,0,5.5493,-0.321,-0.3,B/C,0.90,A/B,-0.126
Public Policy Institute of California,262,yes,17,8.2847,1,1.0592,-1.0978,5.2599,5.0582,0.2271,0.309,0.0623,0.02445,5.51145,-0.346,-0.3,B/C,0.90,A/B,-0.435
Public Policy Polling,263,no,454,211.5587,0.793,-7.9317,0.6966,4.7699,5.1059,-0.3381,0.868,-0.0175,0,4.9318,-0.727,-0.7,B,1.00,A-,-0.392
Public Strategies Inc.,264,no,6,0.8562,1,1.089,0,5.7245,7.9783,0.0886,0.419,0.1089,0,6.3131,0.182,0.2,B/C,0.90,B/C,0.682
Purple Strategies,265,no,4,2.3268,0.875,0.6514,-0.1425,4.9327,3.0175,-0.0786,0.663,0.0651,0,5.3541,-0.449,-0.4,B/C,0.90,B/C,0.611
QEV Analytics,266,no,1,0.4,0,-0.637,0,5.5478,6.37,-0.0667,0.647,-0.0637,0,5.9811,-0.036,0.0,B/C,0.90,B/C,0.656
Quinnipiac University,267,yes,219,97.4021,0.8174,-0.1633,0.9265,4.7124,4.7965,0.1259,0.387,-0.0007,0,4.8383,-0.789,-0.8,B,1.00,A-,-0.315
R.L. Repass & Partners,268,no,1,0.2178,1,0.0288,0,5.6457,11.58,0.0336,0.503,0.0029,0,6.1793,0.094,0.1,B/C,0.90,B/C,0.678
RABA Research,269,no,5,3.5174,0.6,-0.5826,3.1796,6.7579,7.824,0.9686,0.07,-0.0583,0,8.2265,1.442,1.4,D/D,0.30,B/C,1.118
RAND (American Life Panel),270,no,4,2.4712,1,1.2569,3.7269,4.8745,2.675,-0.095,0.683,0.1257,0,5.2795,-0.498,-0.5,B/C,0.90,B/C,0.510
RBI Strategies & Research,271,no,4,2.8199,1,0.609,2.867,4.7897,2.37,-0.1402,0.718,0.0609,0,5.1495,-0.584,-0.6,B/C,0.90,B/C,0.291
RKM Research and Communications Inc.,272,no,35,8.9424,0.8429,0.124,-0.0746,5.1328,5.226,-0.2146,0.781,0.0035,0,5.4182,-0.407,-0.4,B/C,0.90,B+,-0.250
RMS Research,273,no,3,0.9026,1,0.2001,-1.6632,6.0572,11.1233,0.437,0.214,0.0200,0,6.9942,0.631,0.6,C/D,0.60,B/C,0.829
RRH Elections,274,no,9,5.6702,0.8333,0.0963,-0.9332,4.8402,4.2167,-0.6459,0.948,0.0096,0,4.6943,-0.884,-0.9,B/C,0.90,B/C,0.252
RT Strategies,275,yes,45,15.4755,0.6667,-3.3004,1.0027,5.9218,5.9213,0.099,0.407,-0.0733,0.000675,6.021475,-0.010,0.0,B-,0.93,B+,-0.202
Rainmaker Media Group,276,no,1,0.4756,1,0.0548,7.05,5.8277,12.12,0.3351,0.259,0.0055,0,6.6628,0.413,0.4,C/D,0.60,B/C,0.793
Rasmussen Reports/Pulse Opinion Research,277,no,748,314.2269,0.7814,-14.0467,-0.8942,4.8572,5.1247,0.2583,0.295,-0.0188,0,5.6155,-0.277,-0.3,B-,0.93,B,0.035
Remington Research Group,279,no,43,30.9889,0.7209,-1.9064,-1.0672,5.4426,5.3849,-0.1538,0.732,-0.0443,0.0168,5.8056,-0.152,-0.2,B-,0.93,B,0.264
Research & Polling Inc.,280,no,40,19.4094,0.875,-0.3628,0.1862,4.2137,4.3388,-0.948,0.966,-0.0091,0,3.7657,-1.495,-1.5,B+,1.05,A,-0.751
Research 2000,281,no,278,99.7725,0.8813,8.3192,0.246,5.2549,5.4576,0.5316,0.167,0.0299,0,6.2865,0.165,10.0,F,0.00,F,0.351
Research America Inc.,282,no,3,1.1933,1,0.8389,0,5.8873,14.39,0.3179,0.269,0.0839,0,6.7052,0.441,0.4,C/D,0.60,B/C,1.132
Dynata,283,no,2,0.4356,1,0.0405,0,5.6816,9.37,0.0604,0.456,0.0041,0,6.242,0.136,0.1,B/C,0.90,B/C,0.766
Wick,284,no,7,6.6211,0.7143,0.1392,-3.9568,3.3842,2.1986,-1.4729,0.992,0.0139,0,2.4113,-2.387,-2.4,A/B,1.08,A/B,-0.156
Rhode Island College,285,no,5,2.0401,1,1.1229,-0.1243,5.6025,6.078,-0.1073,0.694,0.1123,0,5.9952,-0.027,0.0,B/C,0.90,B/C,0.605
Rice University,286,no,2,0.6092,1,0.0827,-0.3569,5.5377,5.91,-0.0227,0.596,0.0083,0,6.015,-0.014,0.0,B/C,0.90,B/C,0.669
Richard Day Research,287,no,11,3.4403,1,1.9723,0.7452,5.3433,5.4936,-0.0837,0.673,0.1793,0,5.7596,-0.182,-0.2,B/C,0.90,B/C,0.401
Richmond Times-Dispatch,288,no,4,1.2579,1,0.8,2.7658,5.2065,3.32,0.0284,0.511,0.0800,0,5.7349,-0.198,-0.2,B/C,0.90,B/C,0.565
Riggs Research Services,289,no,1,0.4205,0,-1,0,6.6967,33.65,0.7938,0.096,-0.1000,0,7.9905,1.287,1.3,D/D,0.30,C/D,1.364
Riley Research Associates,290,no,7,2.4874,1,1.2072,-0.0511,4.8039,2.6829,-0.2254,0.797,0.1207,0,5.0785,-0.631,-0.6,B/C,0.90,B/C,0.307
Rivercity Polling,291,no,1,0.4205,1,0.0922,0,5.5622,6.67,-0.0004,0.559,0.0092,0,6.0618,0.017,0.0,B/C,0.90,B/C,0.587
Roanoke College,292,yes,18,9.1724,0.8056,0.0781,0.8796,6.6909,7.7767,2.0121,0.017,0.0043,0,8.703,1.756,1.8,D/D,0.30,B/C,1.009
Lester & Associates,293,no,1,0.1427,1,0,0,5.7048,18.92,0.0162,0.527,0.0000,0,6.221,0.122,0.1,B/C,0.90,B/C,0.758
Rossman Group,294,no,1,0.4468,1,0.0098,0,5.4553,4.21,-0.0146,0.58,0.0010,0,5.9407,-0.063,-0.1,B/C,0.90,B/C,0.651
Rutgers University,295,yes,16,7.5815,0.875,-0.0232,0.4593,7.1756,6.7956,2.1136,0.011,-0.0015,0,9.2892,2.142,2.1,D/D,0.30,B/C,0.954
SMS Research & Marketing Services,296,no,1,0.3876,0,-0.8675,0,5.6774,9.74,0.1796,0.344,-0.0868,0,6.357,0.211,0.2,C/D,0.60,B/C,0.742
SSRS,297,yes,30,21.5303,0.6,-1.8537,2.6709,6.2402,6.165,1.5438,0.035,-0.0618,0.417725,8.201725,1.426,1.4,C-,0.65,C,0.966
Saguaro Strategies,298,no,2,1.4522,0,-1.387,3.5,5.4462,5.05,0.3673,0.242,-0.1387,0,6.3135,0.183,0.2,B/C,0.90,B/C,0.811
Saint Leo University,299,no,6,4.1285,0.3333,-1.636,6.6066,6.8625,8.5017,2.242,0.007,-0.1636,0,9.6045,2.350,2.3,D/D,0.30,C/D,1.426
Schapiro Group,300,no,2,0.2854,0.5,-0.6334,0,5.9694,21.49,0.1687,0.352,-0.0633,0,6.6381,0.396,0.4,C/D,0.60,B/C,0.963
Schoen Cooperman Research,301,no,1,0.4205,1,0.1909,-2.02,5.3822,2.39,-0.0346,0.604,0.0191,0,5.8476,-0.124,-0.1,B/C,0.90,B/C,0.630
SEA Polling & Strategic Design,302,no,12,5.118,0.8333,1.3542,-0.0778,4.2816,3.0208,-0.1983,0.769,0.1129,0,4.5833,-0.957,-1.0,B/C,0.90,B/C,0.145
Scripps Howard,303,yes,5,1.5105,1,0.0827,-1.3539,5.4191,4.79,-0.1097,0.7,0.0083,0,5.3094,-0.479,-0.5,B/C,0.90,A/B,-0.098
Selzer & Co.,304,yes,50,19.1157,0.78,-1.2272,-0.8222,3.3471,4.5626,-1.9922,1,-0.0245,0,1.3549,-3.083,-3.1,A+,1.30,A+,-1.165
Siena College,305,yes,55,26.5665,0.8727,0.6101,0.2858,4.9819,5.02,-0.4311,0.907,0.0111,0,4.5508,-0.978,-1.0,B,1.00,A,-0.829
Singularis Group,306,no,1,0.5809,1,0.4265,0,5.2397,0.8,-0.1828,0.761,0.0427,0,5.5569,-0.316,-0.3,B/C,0.90,B/C,0.538
SocialSphere,307,no,2,1.099,1,0.7794,-5.51,5.5823,6.14,0.365,0.244,0.0779,0,6.4473,0.271,0.3,C/D,0.60,B/C,0.767
SoonerPoll.com,308,yes,25,13.2864,0.8,-3.2599,0.0506,7.8626,8.682,1.5407,0.037,-0.1304,0,9.4033,2.217,2.2,D+,0.50,C+,0.702
Southeastern Louisiana University,309,no,8,2.961,0.875,-0.2986,0.4711,5.8895,6.5712,0.3305,0.263,-0.0299,0,6.72,0.450,0.5,C/D,0.60,B/C,0.678
Southern Media & Opinion Research,310,no,7,3.3319,1,0.5188,-0.6524,5.6303,6.9429,-0.2471,0.822,0.0519,0,5.8832,-0.101,-0.1,B/C,0.90,B/C,0.527
Southern Opinion Research,311,no,2,0.4682,1,0.0568,2.5,5.6534,8.5,0.1393,0.374,0.0057,0,6.2927,0.169,0.2,B/C,0.90,B/C,0.719
St. Cloud State University,312,no,16,8.7537,0.75,-0.0887,3.6589,6.3626,6.4406,1.9352,0.021,-0.0055,0.664725,9.462525,2.256,2.3,D/D,0.30,B/C,0.940
St. Norbert College,313,no,12,4.6761,0.875,1.4963,1.4091,5.0321,4.7967,0.0881,0.421,0.1247,0.102275,5.722475,-0.207,-0.2,B/C,0.90,B/C,0.201
St. Pete Polls,314,no,26,16.8256,0.5577,-3.0781,-0.618,4.2922,4.8865,-0.3138,0.856,-0.1184,0,4.4784,-1.026,-1.0,B+,1.05,B+,-0.050
Star Tribune (Minnesota Poll),315,yes,14,4.5569,0.5714,-2.167,1.8474,5.237,5.33,-0.127,0.706,-0.1548,0.21185,5.32185,-0.470,-0.5,B/C,0.90,A/B,-0.003
Starboard Communications,316,no,4,2.9261,1,0.2162,-2.1708,4.6576,2.16,-1.3182,0.988,0.0216,0,3.8394,-1.447,-1.4,A/B,1.08,B/C,0.127
Stockton University,317,yes,11,6.8865,0.9091,-0.2014,0.1056,4.6599,4.2691,-0.4963,0.921,-0.0183,0,4.1636,-1.233,-1.2,B/C,0.90,A/B,-0.599
Strategic National,318,no,4,3.0522,0.375,-0.8923,-2.0364,4.7873,3.0225,-0.7909,0.958,-0.0892,0,4.4964,-1.014,-1.0,B/C,0.90,B/C,0.154
Myers Research & Strategic Services,319,no,2,0.6547,0.5,-0.4007,1.8989,5.4312,4.19,-0.0771,0.659,-0.0401,0,5.8541,-0.120,-0.1,B/C,0.90,B/C,0.593
Strategic Vision LLC,320,no,133,46.4236,0.8872,8.4523,-1.6163,3.7536,3.9199,-0.2162,0.787,0.0636,0.154075,4.191475,-1.215,10.0,F,0.00,F,-0.409
Strategies 360,321,no,9,6.5574,0.6667,-1.5248,-0.408,6.1942,5.8567,-0.3368,0.866,-0.1525,0,6.3574,0.212,0.2,C/D,0.60,B/C,0.242
Strategy Research,322,no,2,1.3976,0,-1.1954,-1.79,5.5996,6.13,0.0223,0.525,-0.1195,0,6.1219,0.056,0.1,B/C,0.90,B/C,0.596
Suffolk University,323,yes,90,36.8532,0.8111,0.4784,1.0024,4.5981,5.1009,-0.0748,0.655,0.0053,0.0006,4.5239,-0.996,-1.0,B,1.00,B+,-0.272
SurveyMonkey,324,no,268,197.2181,0.8787,0.5483,0.3335,6.2647,6.6014,0.6931,0.131,0.0020,0,7.4578,0.936,0.9,C,0.75,C,1.003
SurveyUSA,325,yes,834,301.6434,0.8933,32.2716,-0.0502,4.422,4.7041,-0.395,0.891,0.0387,0,4.027,-1.323,-1.3,B+,1.05,A,-0.875
Susquehanna Polling & Research Inc.,326,no,46,25.91,0.7174,-2.7796,-1.6489,4.9219,5.3524,-0.2698,0.836,-0.0604,0.162225,5.314325,-0.475,-0.5,B-,0.93,B+,-0.175
TCJ Research,327,no,132,66.4037,0.5909,-25.5931,-2.7381,6.4586,6.4373,1.8578,0.023,-0.1939,0.434525,9.250925,2.117,10.0,F,0.00,F,1.733
TMR Research,328,no,2,0.4682,0,-1.3627,0,5.6176,7.87,0.0284,0.511,-0.1363,0,6.146,0.072,0.1,B/C,0.90,B/C,0.672
"Drake Research & Strategy, Inc.",329,no,8,2.234,0.375,-3.5996,2.6151,5.7486,6.7662,0.0778,0.442,-0.3600,0,6.3264,0.191,0.2,B/C,0.90,B/C,0.593
Target Insyght,330,no,6,3.3381,0.75,-0.6163,-0.8091,6.3079,10.3517,0.9172,0.078,-0.0616,0,7.7251,1.112,1.1,C/D,0.60,C/D,1.442
TargetPoint,331,no,2,0.4356,1,0.007,0,6.0696,18.275,0.3116,0.275,0.0007,0,6.8812,0.556,0.6,C/D,0.60,B/C,1.160
TargetSmart/William & Mary,332,no,3,2.1057,0.6667,-0.2661,1.7086,5.5022,5.3333,0.1611,0.358,-0.0266,0,6.1633,0.084,0.1,B/C,0.90,B/C,0.664
Tarrance Group,333,no,31,12.5656,0.8387,-0.5186,-2.4562,5.216,5.7271,-0.7181,0.952,-0.0167,0.36405,5.36195,-0.444,-0.4,B-,0.93,B+,-0.188
The Tyson Group,334,no,14,5.9701,0.8929,1.4232,0.1966,4.5508,4.525,0.1993,0.328,0.1017,0,5.2501,-0.518,-0.5,B/C,0.90,B/C,0.517
TeleResearch Corporation,335,no,1,0.1427,1,0.4317,0,5.5617,8.89,0.0531,0.47,0.0432,0,6.1148,0.052,0.1,B/C,0.90,B/C,0.700
Temple University,336,yes,6,2.1071,1,0.6865,0.6225,5.0859,3.6583,-0.2085,0.777,0.0687,0,4.8774,-0.763,-0.8,B/C,0.90,A/B,-0.250
The Polling Company Inc.,337,no,7,4.1217,0.7143,-1.018,-2.0283,5.9481,6.2571,0.3818,0.236,-0.1018,0,6.8299,0.523,0.5,C/D,0.60,B/C,0.620
Trafalgar Group,338,no,76,55.1674,0.6579,-3.9158,-3.7118,3.6757,4.4647,-1.0429,0.974,-0.0515,0.67795,3.81075,-1.466,-1.5,B+,1.05,A-,-0.441
Triumph Campaigns,339,no,1,0.5812,1,0.0668,-4.55,5.4389,4.23,-0.0383,0.61,0.0067,0,5.9006,-0.089,-0.1,B/C,0.90,B/C,0.611
Tulchin Research,340,no,3,1.5934,0.6667,-0.3615,1.8027,5.2431,3.7567,-0.3114,0.854,-0.0362,0,5.4317,-0.398,-0.4,B/C,0.90,B/C,0.397
Tulsa Surveys,341,no,1,0.2479,1,0,0,5.6718,11.9,0.0879,0.425,0.0000,0,6.2597,0.147,0.1,B/C,0.90,B/C,0.697
USC Dornsife/Los Angeles Times,343,yes,10,7.7988,0.8,0.6478,1.3647,5.4031,5.219,1.2266,0.051,0.0648,0,6.6297,0.391,0.4,C/D,0.60,B/C,0.377
University of Alabama at Birmingham,344,no,2,0.6092,1,0.4918,0,5.9166,12.01,0.2994,0.279,0.0492,0,6.716,0.448,0.4,C/D,0.60,B/C,0.810
University of Arkansas,345,yes,8,5.2716,1,0.1721,-1.887,6.6137,6.4962,0.1985,0.33,0.0172,0,6.8122,0.511,0.5,C/D,0.60,B/C,0.089
University of Cincinnati (Ohio Poll),346,no,39,12.6688,0.9359,3.4634,-1.2561,3.4105,4.199,-0.3978,0.895,0.0888,0.064025,3.576725,-1.620,-1.6,A-,1.10,A/B,-0.037
University of Connecticut,347,yes,11,3.5352,0.9545,1.1005,0,4.8445,3.6355,-0.4042,0.899,0.1000,0,4.4403,-1.051,-1.1,B/C,0.90,A/B,-0.381
University of Florida,349,yes,1,0.5495,0.5,-0.0666,-0.14,5.2699,1.08,-0.0601,0.635,-0.0067,0,5.2098,-0.544,-0.5,B/C,0.90,A/B,-0.041
University of Georgia School of Public and International Affairs,350,no,4,3.5156,0.5,-0.5268,0.2656,4.6112,2.9575,-0.3695,0.877,-0.0527,0,4.7417,-0.852,-0.9,B/C,0.90,B/C,0.408
University of Houston,351,no,1,0.2178,1,0.0176,0,5.4372,2.01,-0.1573,0.74,0.0018,0,5.7799,-0.169,-0.2,B/C,0.90,B/C,0.538
University of Illinois at Chicago,352,yes,1,0.2479,1,0.3367,-4.6,5.7264,14.1,0.0848,0.431,0.0337,0,5.8112,-0.148,-0.1,B/C,0.90,B/C,0.041
University of Iowa,353,no,3,0.7681,0.6667,-0.6875,-2.0145,5.8964,17.2867,0.3605,0.248,-0.0688,0,6.7569,0.475,0.5,C/D,0.60,B/C,1.040
University of Massachusetts,354,no,11,1.4293,1,0.2909,0,5.6257,6.4109,0.0526,0.472,0.0264,0,6.1783,0.094,0.1,B/C,0.90,B/C,0.406
University of Massachusetts Lowell,355,yes,26,15.1054,0.7885,-0.4904,-0.2536,5.0958,6.2192,-0.2855,0.844,-0.0189,0,4.8103,-0.807,-0.8,B,1.00,B+,-0.195
"University of Nevada, Las Vegas",356,no,1,0.1745,1,0,0,5.5728,8.91,0.004,0.543,0.0000,0,6.0768,0.027,0.0,B/C,0.90,B/C,0.652
University of New Hampshire,357,yes,122,55.5085,0.8484,3.1185,1.2415,6.0304,5.9612,0.6459,0.143,0.0256,0.060375,6.736675,0.461,0.5,C+,0.85,B-,0.483
University of New Orleans,358,no,13,6.5682,0.9231,0.846,1.9218,5.4865,5.5923,0.1558,0.362,0.0651,0.23045,6.37275,0.222,0.2,C/D,0.60,B/C,0.436
University of North Carolina,359,no,2,0.6234,0.5,-0.7553,-0.8393,5.5955,6.855,0.0937,0.413,-0.0755,0,6.1892,0.101,0.1,B/C,0.90,B/C,0.713
University of North Florida,360,yes,10,5.325,0.4,-3.4464,0.5665,4.664,4.06,-0.1781,0.755,-0.3446,0,4.4859,-1.021,-1.0,B/C,0.90,A/B,-0.547
University of South Alabama,361,no,9,3.0494,1,0.8066,-0.7978,4.9198,3.6822,-0.2338,0.809,0.0807,0,5.186,-0.560,-0.6,B/C,0.90,B/C,0.239
University of Tennessee,362,no,2,0.7752,1,0.0828,-3.89,5.2978,2.73,-0.2527,0.826,0.0083,0,5.5451,-0.323,-0.3,B/C,0.90,B/C,0.557
University of Washington,364,no,9,4.2194,1,1.0615,2.2079,4.7518,3.6222,-0.1074,0.696,0.1062,0,5.1444,-0.587,-0.6,B/C,0.90,B/C,0.380
University of Wisconsin (Badger Poll),365,yes,8,2.6563,0.875,0.3049,1.937,6.5526,12.7838,0.9488,0.072,0.0305,0,7.5014,0.965,1.0,C/D,0.60,B/C,0.708
University of Wisconsin-Milwaukee,366,no,3,0.7779,1,0.6743,-1.2933,5.2096,1.6267,-0.2398,0.814,0.0674,0,5.4698,-0.373,-0.4,B/C,0.90,B/C,0.547
SmithJohnson Research,367,no,1,0.3805,1,0.4689,0,5.6275,8.51,0.0722,0.444,0.0469,0,6.1997,0.108,0.1,B/C,0.90,B/C,0.687
Valley Research,368,no,8,2.5274,0.875,-0.7809,0,5.3001,5.0562,-0.007,0.572,-0.0781,0,5.7931,-0.160,-0.2,B/C,0.90,B/C,0.544
Victoria Research & Consulting,369,no,1,0.3101,0.5,-0.3503,0,5.5922,8.05,0.058,0.46,-0.0350,0,6.1502,0.075,0.1,B/C,0.90,B/C,0.652
Virginia Commonwealth University,370,no,7,3.8191,1,0.8007,-0.4606,4.8827,4.4614,0.1611,0.358,0.0801,0,5.5438,-0.324,-0.3,B/C,0.90,B/C,0.475
Voter/Consumer Research,371,yes,8,3.0903,1,1.3575,-0.9572,5.3309,4.9663,-0.0623,0.641,0.1358,0,5.2686,-0.505,-0.5,B/C,0.90,A/B,-0.021
Vox Populi Polling,372,no,19,12.0617,0.7632,0.2099,-0.522,3.9797,3.9574,-0.5837,0.94,0.0110,0,3.896,-1.409,-1.4,B+,1.05,A/B,-0.082
WCIA-TV,373,no,2,0.482,1,0.6423,-7.6501,6.1224,18.265,0.3302,0.265,0.0642,0,6.9526,0.604,0.6,C/D,0.60,B/C,0.837
War Room Logistics,374,no,1,0.1745,1,0.0393,0,5.4953,4.47,-0.0557,0.631,0.0039,0,5.9396,-0.064,-0.1,B/C,0.90,B/C,0.568
Ward Research/The Honolulu Star-Advertiser,375,no,15,6.135,0.8,-1.2167,0.0896,5.6243,5.8487,-0.2214,0.793,-0.0811,0,5.9029,-0.088,-0.1,B/C,0.90,B/C,0.151
We Ask America,376,no,56,22.4134,0.8125,-0.0937,-0.0359,5.674,6.7327,0.0276,0.513,-0.0017,0,6.2016,0.109,0.1,C+,0.85,B-,0.487
West Chester University,377,no,7,2.4088,1,0.9761,2.1598,5.426,5.1929,0.0341,0.5,0.0976,0,5.9601,-0.050,-0.1,B/C,0.90,B/C,0.638
West Virginia Research Center,378,no,2,0.5594,0.5,-0.447,1.7612,5.5524,6.445,0.0914,0.417,-0.0447,0,6.1438,0.071,0.1,B/C,0.90,B/C,0.658
Western Kentucky University,379,no,4,2.1786,0.75,-0.5558,-1.2352,6.4766,10.91,-0.0218,0.592,-0.0556,0,6.9548,0.605,0.6,C/D,0.60,B/C,0.975
Western New England University,380,yes,11,6.0236,1,1.0784,0.3626,4.4803,4.2455,-0.5189,0.931,0.0980,0,3.9614,-1.366,-1.4,A/B,1.08,A/B,-0.111
Wick Communications,381,no,1,0.3439,1,0.0678,0,5.4216,2.84,-0.0754,0.657,0.0068,0,5.8462,-0.125,-0.1,B/C,0.90,B/C,0.645
Wiese Research Associates,382,no,7,3.5033,1,0.6079,1.3139,6.0954,7.3243,0.5569,0.161,0.0608,0,7.1523,0.735,0.7,C/D,0.60,B/C,0.505
WPA Intelligence (WPAi),383,no,17,7.6044,0.6765,-2.7557,-1.2332,7.3377,7.4924,1.6924,0.033,-0.1621,0.0583,9.5884,2.339,2.3,D/D,0.30,B/C,0.814
The Winston Group,385,yes,10,4.9608,0.5,-2.7998,0.487,4.5524,4.175,-0.3294,0.862,-0.2800,0,4.223,-1.194,-1.2,B/C,0.90,A/B,-0.363
Winthrop University,386,yes,2,1.0261,1,0.2346,-0.7855,5.6772,12.03,-0.0215,0.59,0.0235,0,5.6557,-0.251,-0.3,B/C,0.90,B/C,0.171
Wirthlin Worldwide,387,yes,4,0.9717,0.75,0.3864,-1.8175,5.4236,4.595,-0.0551,0.629,0.0386,0,5.3685,-0.440,-0.4,B/C,0.90,A/B,-0.096
Y2 Analytics,389,no,8,5.9646,1,0.8548,-1.1273,5.9956,8.045,-0.243,0.816,0.0855,0,6.2526,0.143,0.1,B/C,0.90,B/C,0.774
Yankelovich Partners Inc.,390,yes,7,1.1525,0.5,-1.9042,-1.2446,5.6945,10.1757,0.1366,0.377,-0.1904,0,5.8311,-0.135,-0.1,B/C,0.90,B/C,0.176
YouGov,391,no,455,237.2972,0.8868,18.7743,0.3595,4.8249,5.0391,0.0151,0.531,0.0413,0,5.34,-0.458,-0.5,B-,0.93,B+,-0.274
Zata3,392,no,2,0.841,1,0.0824,0,5.9056,10.175,0.2056,0.322,0.0082,0,6.6112,0.379,0.4,C/D,0.60,B/C,0.731
Zia Poll,393,no,4,3.1783,0.75,-0.2206,-4.9423,5.5015,5.3525,0.4379,0.212,-0.0221,0,6.4394,0.266,0.3,C/D,0.60,B/C,0.779
Zimmerman & Associates/Marketing Intelligence,394,no,3,1.2064,1,0.3138,1.658,5.4394,4.6733,0.0675,0.45,0.0314,0,6.0069,-0.019,0.0,B/C,0.90,B/C,0.650
Zogby Interactive/JZ Analytics,395,no,477,150.4016,0.7725,-8.5735,0.1891,5.1951,5.5425,0.6991,0.124,-0.0180,0,6.3942,0.236,0.2,C+,0.85,B-,0.491
ccAdvertising,396,no,33,14.502,0.8485,1.0725,-1.0407,7.3485,7.3639,0.8381,0.086,0.0325,0.010175,8.696775,1.752,1.8,C-,0.65,C+,0.865
Baldwin Wallace University,401,no,2,1.4733,0.5,-0.5166,3.0714,5.9424,8.3,0.426,0.218,-0.0517,0,6.8684,0.548,0.5,C/D,0.60,B/C,0.820
Data Targeting,406,no,1,0.8,1,0.0864,0,5.3924,4,-0.1483,0.724,0.0086,0,5.7441,-0.192,-0.2,B/C,0.90,B/C,0.499
Echelon Insights,407,no,2,1.8,1,0.5967,-2.6467,4.8005,1.49,-0.5182,0.925,0.0597,0,4.7823,-0.826,-0.8,B/C,0.90,B/C,0.354
Global Strategy Group/GBAO (Navigator Research),413,no,2,1.8,1,0.5967,1.0756,5.4705,5.24,0.1518,0.364,0.0597,0,6.1223,0.057,0.1,B/C,0.90,B/C,0.714
Hickman Analytics,415,no,1,0.85,0,-0.7568,0,5.8175,9.09,0,0.557,-0.0757,0,6.3175,0.185,0.2,B/C,0.90,B/C,0.859
HighGround Inc.,416,no,2,1.4733,0.5,-0.5929,-2.776,5.3516,4.44,0.1166,0.393,-0.0593,0,5.9682,-0.045,0.0,B/C,0.90,B/C,0.743
Mercyhurst University,422,no,1,0.5172,1,0,0,5.2666,0.74,-0.2156,0.785,0.0000,0,5.551,-0.320,-0.3,B/C,0.90,B/C,0.554
Meredith College,423,no,4,3.05,0.25,-1.914,3.6316,6.7842,11.6325,1.1116,0.057,-0.1914,0,8.3958,1.554,1.6,D/D,0.30,B/C,1.183
Ogden & Fry,425,no,3,1.399,1,0.5806,-3.425,5.0029,2.5367,-0.4202,0.905,0.0581,0,5.0827,-0.628,-0.6,B/C,0.90,B/C,0.300
Public Religion Research Institute,428,yes,1,0.6735,1,0.1078,1.63,5.2001,0.86,-0.19,0.767,0.0108,0,5.0101,-0.676,-0.7,B/C,0.90,A/B,-0.129
Victory Research,437,no,11,6.7491,0.9091,0.0091,-0.1906,5.7407,6.0082,0.2944,0.283,0.0008,0,6.5351,0.329,0.3,C/D,0.60,B/C,0.161
Blumenthal Research Daily,447,no,2,1.347,1,0.7359,-2.67,5.1036,2.47,-0.14,0.716,0.0736,0,5.4636,-0.377,10.0,F,0.00,F,0.526
Siena College/The New York Times Upshot,448,yes,83,62.5042,0.7289,1.7876,0.0971,4.4905,4.3527,-0.4427,0.911,0.0215,0,4.0478,-1.309,-1.3,B+,1.05,A+,-0.954
Research Co.,449,no,35,29.0907,0.9143,2.936,0.44,4.5601,4.5134,-0.1568,0.738,0.0839,0,4.9033,-0.746,-0.7,B,1.00,B-,0.477
Carroll Strategies,450,no,5,3.4938,0.8,-0.5708,-1.3692,7.0447,9.882,1.1711,0.055,-0.0571,0,8.7158,1.765,1.8,D/D,0.30,C/D,1.310
Slingshot Strategies,451,no,1,0.7156,1,0.1588,0,5.7838,9.29,0.2282,0.307,0.0159,0,6.512,0.313,0.3,C/D,0.60,B/C,0.819
TP Research,452,no,2,1.347,0,-1.648,0,6.8655,15.55,1.0054,0.066,-0.1648,0,8.3709,1.538,1.5,D/D,0.30,C/D,1.371
Sacred Heart University,453,no,2,1.7156,0.5,-0.6751,0,5.4578,5.24,0.0469,0.482,-0.0675,0,6.0047,-0.021,0.0,B/C,0.90,B/C,0.590
Targoz Market Research,454,no,15,13.0966,0.8667,2.8271,1.754,6.6085,6.5827,1.2885,0.049,0.1885,0.1885,8.5855,1.679,1.7,C-,0.65,B/C,1.133
Keating Research/OnSight Public Affairs/Melanson,455,no,3,2.6156,1,0.2625,-0.4408,4.5601,1.9333,-0.19,0.767,0.0263,0,4.8701,-0.768,-0.8,B/C,0.90,B/C,0.425
East Tennessee State University,456,no,2,1.4733,0.75,-0.41,3.4783,6.1635,9.9,0.4872,0.185,-0.0410,0,7.1507,0.734,0.7,C/D,0.60,B/C,0.904
"University of California, Berkeley",457,yes,4,2.7733,1,0.2917,2.6282,5.6643,7.71,0.0802,0.437,0.0292,0,5.7445,-0.192,-0.2,B/C,0.90,B/C,0.315
University of Texas at Tyler,458,no,5,3.6733,0.6,-1.0003,0.2531,5.5222,6.618,0.1862,0.338,-0.1000,0,6.2084,0.113,0.1,B/C,0.90,B/C,0.615
Pacific Market Research,459,no,2,1.4733,1,0.04,-0.764,5.8162,7.48,0.1128,0.399,0.0040,0,6.429,0.259,0.3,C/D,0.60,B/C,0.654
Thirty-Ninth Street Strategies,460,no,1,0.6735,0,-0.5636,0,5.2789,2.03,-0.1347,0.714,-0.0564,0,5.6442,-0.258,-0.3,B/C,0.90,B/C,0.597
1892 Polling,461,no,1,0.7156,1,0.4751,-4.09,5.1626,0.61,-0.2463,0.82,0.0475,0,5.4163,-0.408,-0.4,B/C,0.90,B/C,0.520
Strategic Research Associates,462,no,5,3.6622,0.8,0.3739,-1.2976,5.363,5.042,0.213,0.316,0.0374,0,6.076,0.026,0.0,B/C,0.90,B/C,0.604
Michigan State University,463,yes,2,1.4733,1,0.308,-1.4331,4.8507,1.03,-0.3793,0.883,0.0308,0,4.4714,-1.030,-1.0,B/C,0.90,A/B,-0.228
Mason Strategies,464,no,1,0.7577,1,0.2145,-3.6,5.239,1.89,-0.2728,0.84,0.0215,0,5.4662,-0.375,-0.4,B/C,0.90,B/C,0.520
Civiqs,471,no,25,21.95,0.76,0.4389,1.3393,5.5078,5.4828,0.8139,0.092,0.0176,0.084825,6.906525,0.573,0.6,C,0.75,B-,0.327
DeSales University,474,no,1,0.8,1,0.2985,0,6.214,14.27,0.4268,0.216,0.0299,0,7.1408,0.727,0.7,C/D,0.60,B/C,1.073
GS Strategy Group,478,no,2,1.3235,1,0.4407,-2.1597,5.3561,5.115,-0.061,0.637,0.0441,0,5.7951,-0.159,-0.2,B/C,0.90,B/C,0.399
Latino Decisions,482,no,2,1.3,1,0.4603,-1.8462,5.3118,3.485,-0.318,0.86,0.0460,0,5.4938,-0.357,-0.4,B/C,0.90,B/C,0.381
Patinkin Research Strategies,490,no,2,1.9,1,0.8442,2.5284,5.5535,5.67,0.3565,0.25,0.0844,0,6.41,0.246,0.2,C/D,0.60,B/C,0.817
Saint Anselm College,494,no,5,4.35,1,0.5409,-0.6437,4.2052,2.592,-1.0768,0.978,0.0541,0,3.6284,-1.586,-1.6,A/B,1.08,A/B,-0.004
Triton Polling & Research,497,no,2,1.85,1,0,0,7.7144,17.285,1.4998,0.039,0.0000,0,9.7142,2.422,2.4,D/D,0.30,C/D,1.640
VCreek/AMG,501,no,1,0.9,1,0.079,0.61,5.7256,7.87,0.038,0.496,0.0079,0,6.2636,0.150,0.1,B/C,0.90,B/C,0.785
KG Polling,502,no,2,1.347,1,0.9578,0.36,5.0632,2.17,-0.0801,0.667,0.0958,0,5.4831,-0.364,10.0,F,0.00,F,0.563
JMC Analytics/Bold Blue Campaigns,503,no,5,3.4517,0.8,0.3358,0,5.8944,6.714,0.4601,0.202,0.0336,0,6.8545,0.539,0.5,C/D,0.60,B/C,0.587
Spry Strategies,508,no,5,2.75,0.8,-0.7075,-5.9544,6.0166,9.492,-0.4845,0.917,-0.0708,0,6.0321,-0.003,0.0,B/C,0.90,B/C,0.151
Harper Polling/Clarity Campaign Labs,513,no,1,0.8,0,-0.6172,0,5.6316,6.99,0,0.557,-0.0617,0,6.1316,0.063,0.1,B/C,0.90,B/C,0.687
co/efficient,514,no,5,4.5,0.8,-0.1942,-2.6307,4.254,2.652,-0.9753,0.968,-0.0194,0,3.7787,-1.487,-1.5,A/B,1.08,B/C,0.003
Univision/Latino Decisions/North Star Opinion Research,516,no,7,6.1,0.7143,0.1824,1.1474,5.5056,6.0714,0.4716,0.194,0.0182,0,6.4772,0.290,0.3,C/D,0.60,B/C,0.828
Ragnar Research Partners,517,no,2,1.85,1,0.0248,1.3189,5.4313,4.805,-0.0796,0.665,0.0025,0,5.8517,-0.121,-0.1,B/C,0.90,B/C,0.476
Data for Progress,522,yes,73,50.25,0.774,-3.5171,0.3842,5.6164,6.6355,-0.2544,0.828,-0.0482,0,5.362,-0.444,-0.4,B-,0.93,B,0.140
East Carolina University,523,yes,11,8.3,0.6364,-1.6599,0.2037,6.4428,8.9718,0.0669,0.452,-0.1509,0,6.5097,0.312,0.3,C/D,0.60,B/C,0.298
Odney,524,no,1,0.5172,1,0.0172,0,5.3349,2.06,-0.1678,0.75,0.0017,0,5.6671,-0.243,-0.2,B/C,0.90,B/C,0.554
Victory Enterprises,525,no,1,0.4653,0,-0.9691,0,6.0639,17.34,0.3895,0.23,-0.0969,0,6.9534,0.604,0.6,C/D,0.60,B/C,0.924
BWD Global,527,no,2,0.7673,1,0.3691,0,5.8229,13.5,0.1869,0.336,0.0369,0,6.5098,0.312,0.3,C/D,0.60,B/C,1.046
Vox Populi Communications,529,no,1,0.0932,1,0.0777,0,5.495,3.52,-0.0422,0.616,0.0078,0,5.9528,-0.055,-0.1,B/C,0.90,B/C,0.621
Edgewater Research/My People Vote,530,no,2,1.7,1,0.696,0.51,4.8652,1.7,-0.0123,0.578,0.0696,0,5.3529,-0.450,-0.4,B/C,0.90,B/C,0.528
Park Street Strategies,534,no,1,0.3,1,0.3129,0,5.4204,2.41,-0.093,0.681,0.0313,0,5.8274,-0.137,-0.1,B/C,0.90,B/C,0.499
Morningside College,536,no,1,0.3,0,-0.6871,0,5.5404,6.41,0.027,0.517,-0.0687,0,6.0674,0.021,0.0,B/C,0.90,B/C,0.603
Swayable,543,yes,89,71.85,0.8876,4.8059,0.4973,6.2918,7.2469,0.7314,0.11,0.0540,0,7.0232,0.650,0.7,C,0.75,C,1.200
Beacon Research,545,no,3,1.95,1,0.5578,0,5.798,7.9733,0.4217,0.222,0.0558,0,6.7197,0.450,0.5,C/D,0.60,B/C,0.802
AtlasIntel,546,yes,22,16,0.75,0.5465,-1.6351,3.1657,4.5836,-1.9592,0.998,0.0248,0.158775,1.365275,-3.076,-3.1,A+,1.30,A,-0.750
Elucd,549,no,4,1.2,0.5,-1.2523,0,6.4056,12.9475,0.3952,0.228,-0.1252,0,7.3008,0.833,0.8,C/D,0.60,B/C,1.267
Point Blank Political,550,no,6,1.8,0.8333,-0.5306,0,6.4417,10.67,0.7631,0.102,-0.0531,0,7.7048,1.099,1.1,C/D,0.60,C/D,1.489
Pasquines,552,no,1,0.2178,1,0,0,5.6198,10.39,0.0155,0.529,0.0000,0,6.1353,0.065,0.1,B/C,0.90,B/C,0.605
Concord Public Opinion Partners,553,no,1,0.3,1,0.0206,0,5.7504,13.41,0.1241,0.389,0.0021,0,6.3745,0.223,0.2,C/D,0.60,B/C,0.913
ROI Rocket,554,no,3,0.9,1,0.0206,0,5.2513,2.6,-0.3965,0.893,0.0021,0,5.3548,-0.449,-0.4,B/C,0.90,B/C,0.223
RMG Research,555,no,25,23.55,0.76,0.346,0.1377,5.9253,6.0076,0.0055,0.541,0.0138,0,6.4308,0.260,0.3,C+,0.85,B-,0.424
Amber Integrated,556,no,1,0.8,1,0.2818,0,5.1028,0.38,-0.351,0.874,0.0282,0,5.2518,-0.517,-0.5,B/C,0.90,B/C,0.499
Hofstra University,558,no,2,1.8,1,0.5967,2.2978,5.6905,6.44,0.3718,0.238,0.0597,0,6.5623,0.346,0.3,C/D,0.60,B/C,0.788
Opinium,559,no,2,1.8,1,0.5967,3.2978,5.8705,7.24,0.5518,0.163,0.0597,0,6.9223,0.584,0.6,C/D,0.60,B/C,0.879
OurProgress (The Progress Campaign),561,no,1,0.3,1,0.0206,0,5.6298,9.39,0.0035,0.545,0.0021,0,6.1333,0.064,10.0,F,0.00,F,0.616
Redfield & Wilton Strategies,562,yes,9,9,0.7778,1.2492,2.4544,6.4994,6.6089,1.753,0.027,0.1249,0,8.2524,1.459,1.5,D/D,0.30,B/C,0.735
brilliant corners Research & Strategies,564,no,1,0.9,0,-0.9003,3.82,6.1216,12.27,0.3434,0.257,-0.0900,0,6.965,0.612,0.6,C/D,0.60,B/C,0.832
L‚àö¬©ger,572,no,3,3,1,0.8043,0.0533,5.0245,3.8833,-0.0968,0.685,0.0804,0,5.4277,-0.401,-0.4,B/C,0.90,B/C,0.599
University of Maryland,575,no,1,0.3101,0,-0.6506,2.19,5.5485,6.64,0.0606,0.454,-0.0651,0,6.1091,0.048,0.0,B/C,0.90,B/C,0.671
Gotham Research Group,576,no,1,0.5235,1,0.074,1.61,5.5259,5.75,-0.0842,0.677,0.0074,0,5.9417,-0.062,-0.1,B/C,0.90,B/C,0.623
David Binder Research,578,no,3,1.6,0.3333,-1.3742,0.3438,5.14,4.22,-0.2436,0.818,-0.1374,0,5.3964,-0.421,-0.4,B/C,0.90,B/C,0.309
Targeted Persuasion,579,no,1,0.2178,1,0.3796,0,5.4141,0.95,-0.1285,0.71,0.0380,0,5.7856,-0.165,-0.2,B/C,0.90,B/C,0.538
University of Colorado,580,no,2,1.3796,1,0.4724,6.7105,5.6675,6.715,0.5078,0.177,0.0472,0,6.6753,0.421,0.4,C/D,0.60,B/C,0.814
John Zogby Strategies/EMI Research Solutions,583,no,2,1.8,1,0.5967,-3.7356,4.7277,1.11,-0.591,0.942,0.0597,0,4.6367,-0.922,-0.9,B/C,0.90,B/C,0.354
Kiaer Research,585,no,2,1.9,1,0.7416,5.6453,6.4779,10.615,0.8923,0.08,0.0742,0,7.8702,1.208,1.2,D/D,0.30,B/C,1.077
Auburn University at Montgomery,588,no,2,1.9,1,0,0.2189,5.9434,7.86,0.023,0.523,0.0000,0,6.4664,0.283,0.3,C/D,0.60,B/C,0.849
Cardinal Point Analytics (CardinalGPS),591,no,3,2.75,1,1.0793,-6.9022,4.6609,2.4867,-0.6528,0.95,0.1079,0,4.5081,-1.006,-1.0,B/C,0.90,B/C,0.225
Colby College,593,no,6,5.5,0.6667,-1.3653,0.0582,6.9171,8.31,1.0855,0.059,-0.1365,0,8.5026,1.624,1.6,D/D,0.30,B/C,0.903
El Nuevo D‚àö‚â†a/The Research Office,599,no,2,1.65,1,0.536,0,4.8838,1.735,-0.4075,0.903,0.0536,0,4.9763,-0.698,-0.7,B/C,0.90,B/C,0.354
Jorge Ben‚àö‚â†tez,600,no,4,3.3,0.5,-0.928,0,5.3831,5.13,0.314,0.273,-0.0928,0,6.1971,0.106,0.1,B/C,0.90,B/C,0.602
"University of Nevada, Las Vegas Lee Business School",609,no,5,4.6,0.6,-0.3771,0.1433,4.453,3.196,-0.1851,0.763,-0.0377,0,4.7679,-0.835,-0.8,B/C,0.90,B/C,0.260
Brandwatch Qriously,610,no,3,3,1,0.8043,2.72,5.8245,6.55,0.7032,0.122,0.0804,0,7.0277,0.653,0.7,C/D,0.60,B/C,0.920
Citizen Data,616,no,12,11.5,0.5833,-1.1554,2.6782,7.0139,7.0417,2.1289,0.009,-0.0963,0.41955,10.06235,2.651,2.7,D+,0.50,B/C,1.071
MWR Strategies,617,no,2,1.4733,0.5,-0.0327,-2.9797,4.9659,1.785,-0.2473,0.824,-0.0033,0,5.2186,-0.538,-0.5,B/C,0.90,B/C,0.410
J.L. Partners,619,no,2,2,1,0.5362,3.72,5.9208,7.55,0.6688,0.139,0.0536,0,7.0896,0.694,0.7,C/D,0.60,B/C,0.872
Global Marketing Research Services,621,no,1,1,1,0.2681,5.72,5.9172,9.55,0.5344,0.165,0.0268,0,6.9516,0.603,0.6,C/D,0.60,B/C,0.900
Open Model Project,629,no,2,1.8,0,-1.1972,-5.145,5.539,5.655,0.5173,0.173,-0.1197,0,6.5563,0.343,0.3,C/D,0.60,B/C,0.798
The Justice Collaborative Institute,630,no,2,1.9,1,0.8442,3.4232,5.7235,6.67,0.5265,0.171,0.0844,0,6.75,0.470,0.5,C/D,0.60,B/C,0.874
Cometrends,631,no,1,1,1,0.2681,3.72,5.7172,7.55,0.3344,0.261,0.0268,0,6.5516,0.339,0.3,C/D,0.60,B/C,0.788
Bluegrass Community and Technical College,632,no,2,1.9,1,0.0024,-0.7768,6.5617,10.935,0.4052,0.226,0.0002,0,7.4669,0.942,0.9,C/D,0.60,B/C,1.108
Long Island University,633,no,1,1,1,0.2681,2.72,5.6172,6.55,0.2344,0.301,0.0268,0,6.3516,0.208,0.2,C/D,0.60,B/C,0.765
AYTM,635,no,4,4,0.75,0.4966,0.2075,4.7591,3.6275,-0.2306,0.803,0.0497,0,5.0285,-0.664,-0.7,B/C,0.90,B/C,0.587
Gazette Communications,640,no,2,0.6092,1,0.2438,4.0514,5.6751,8.065,0.2015,0.326,0.0244,0,6.3766,0.224,0.2,C/D,0.60,B/C,0.767
The Polling Company Inc./National Research Inc.,644,no,1,0.6988,0,-0.5977,1.71,5.312,2.63,-0.2334,0.807,-0.0598,0,5.5786,-0.301,-0.3,B/C,0.90,B/C,0.529
USC Schwarzenegger Institute,648,no,1,1,1,0,6.55,5.7462,7.84,0.3623,0.246,0.0000,0,6.6085,0.377,0.4,C/D,0.60,B/C,0.851
Southern Research Group,649,no,1,0.3124,0,-0.8144,0,5.5843,7.78,0,0.557,-0.0814,0,6.0843,0.032,0.0,B/C,0.90,B/C,0.702
Reconnect Research/Probolsky Research,651,no,2,1.8,0.5,-0.1972,-1.145,4.819,1.655,-0.2027,0.773,-0.0197,0,5.1163,-0.606,-0.6,B/C,0.90,B/C,0.561
GOP Calls,654,no,2,0.841,1,0,0,6.8194,21.04,0.8453,0.084,0.0000,0,8.1647,1.402,1.4,D/D,0.30,B/C,1.300
Bainbridge Media Group,656,no,1,0.3805,1,0,0,6.1096,21.18,0.4097,0.224,0.0000,0,7.0193,0.647,0.6,C/D,0.60,B/C,0.953
Detroit Free Press,663,no,1,0.2959,1,0.286,1.8,5.6161,8.98,0.0533,0.468,0.0286,0,6.1694,0.088,0.1,B/C,0.90,B/C,0.715
The Kitchens Group,664,yes,1,0.3805,0,-0.5242,0,5.7367,11.38,0.1487,0.368,-0.0524,0,5.8854,-0.099,-0.1,B/C,0.90,B/C,0.132
Sky Research,665,no,1,0.6988,0,-0.5977,-4.39,5.7382,8.73,0.1928,0.332,-0.0598,0,6.431,0.260,0.3,C/D,0.60,B/C,0.715
Tufts University,666,no,1,1,1,0.2681,-1.28,5.2172,2.55,-0.1656,0.748,0.0268,0,5.5516,-0.319,-0.3,B/C,0.90,B/C,0.548
University of Wyoming,667,no,3,2.7,1,0,0,8.1302,15.1533,1.8084,0.025,0.0000,0,10.4386,2.899,2.9,D/D,0.30,C/D,1.639
Rethink Priorities,672,no,2,1.8,1,0.5967,-0.2356,5.2345,3.79,-0.0842,0.677,0.0597,0,5.6503,-0.254,10.0,F,0.00,F,0.502
University of Georgia Survey Research Center,674,no,1,0.2479,1,0.1725,-0.6,5.6193,9.78,0.0149,0.533,0.0173,0,6.1342,0.065,0.1,B/C,0.90,B/C,0.676
,,,,,,,,,,,,,,,,,,,,